발생년월일시,발생분,주야,요일,사망자수,중상자수,경상자수,발생지시도,발생지시군구,사고유형_대분류,사고유형,법규위반,도로형태_대분류,당사자종별_1당_대분류,당사자종별_2당_대분류
2016042604,10,야간,화,1,0,0,경북,문경시,차대사람,보도통행중,보행자 보호의무 위반,교차로,화물차,보행자
2016042804,45,야간,목,1,0,0,광주,광산구,차대차,진행중 추돌,안전운전 의무 불이행,단일로,승용차,화물차
2016042616,30,주간,화,1,1,0,경기,시흥시,차대차,측면직각충돌,직진 및 우회전차의 통행방해,교차로,화물차,건설기계
2016042709,10,주간,수,1,0,0,서울,노원구,차대사람,횡단중,안전운전 의무 불이행,교차로,화물차,보행자
2016050217,10,주간,월,1,0,0,경북,영주시,차대사람,횡단중,안전운전 의무 불이행,단일로,승용차,보행자
2016043010,42,주간,토,1,0,0,경기,김포시,차량단독,전도전복,안전운전 의무 불이행,단일로,승용차,
2016041102,58,야간,월,1,0,0,경기,용인시,차량단독,공작물충돌,안전운전 의무 불이행,교차로,승용차,
2016041017,20,주간,일,1,0,0,부산,사하구,차대차,진행중 추돌,안전운전 의무 불이행,단일로,화물차,화물차
2016041104,0,야간,월,1,0,0,경기,용인시,차대차,정면충돌,안전운전 의무 불이행,교차로,승용차,건설기계
2016040912,20,주간,토,1,0,0,충북,제천시,차대차,기타,안전운전 의무 불이행,단일로,승합차,승용차
2016040810,35,주간,금,1,1,0,경북,김천시,차대차,측면직각충돌,안전운전 의무 불이행,단일로,이륜차,화물차
2016041501,22,야간,금,1,1,0,충북,음성군,차대차,정면충돌,중앙선 침범,단일로,화물차,화물차
2016041423,35,야간,목,1,0,0,인천,남동구,차대사람,횡단중,안전운전 의무 불이행,단일로,승용차,보행자
2016041305,55,야간,수,1,0,0,경기,성남시,차대차,기타,안전운전 의무 불이행,교차로,승용차,자전거
2016041706,45,주간,일,1,0,1,경기,성남시,차대차,진행중 추돌,과속,교차로,승용차,승용차
2016041701,27,야간,일,1,0,0,서울,동작구,차대사람,차도통행중,안전운전 의무 불이행,단일로,이륜차,보행자
2016041612,10,주간,토,1,0,0,충남,아산시,차대차,진행중 추돌,안전운전 의무 불이행,단일로,승용차,화물차
2016042121,50,야간,목,1,0,0,전북,군산시,차대사람,횡단중,안전운전 의무 불이행,단일로,승용차,보행자
2016042202,10,야간,금,1,0,0,부산,연제구,차대사람,차도통행중,안전운전 의무 불이행,단일로,승용차,보행자
2016041821,30,야간,월,1,0,0,전북,완주군,차대사람,길가장자리구역통행중,안전운전 의무 불이행,교차로,화물차,보행자
2016042411,50,주간,일,1,1,0,충북,충주시,차대차,측면직각충돌,신호위반,교차로,원동기장치자전거,승용차
2016042401,10,야간,일,1,0,0,경남,창원시(통합),차량단독,공작물충돌,안전운전 의무 불이행,교차로,승용차,
2016042320,53,야간,토,1,0,0,울산,울주군,차량단독,공작물충돌,안전운전 의무 불이행,단일로,승용차,
2016042708,10,주간,수,1,0,0,부산,연제구,차대사람,기타,안전운전 의무 불이행,교차로,승용차,보행자
2016050320,5,야간,화,2,1,0,인천,강화군,차대차,진행중 추돌,안전운전 의무 불이행,단일로,화물차,농기계
2016050316,55,주간,화,1,0,0,서울,동대문구,차대사람,횡단중,안전운전 의무 불이행,교차로,승용차,보행자
2016050313,40,주간,화,1,0,0,강원,양구군,차대사람,횡단중,안전운전 의무 불이행,교차로,화물차,보행자
2016043023,52,야간,토,1,0,0,경기,군포시,차대차,기타,부당한 회전,단일로,승합차,이륜차
2016041120,30,야간,월,1,0,0,경기,수원시,차대차,기타,안전운전 의무 불이행,단일로,승용차,자전거
2016041011,20,주간,일,2,1,1,전남,영암군,차대차,측면직각충돌,신호위반,교차로,승용차,승용차
2016040820,40,야간,금,1,0,0,대구,북구,차대사람,횡단중,보행자 보호의무 위반,단일로,승용차,보행자
2016040905,25,야간,토,1,0,0,광주,서구,차대사람,횡단중,신호위반,단일로,승용차,보행자
2016041508,5,주간,금,1,0,0,경기,광주시,차대사람,횡단중,보행자 보호의무 위반,교차로,승용차,보행자
2016061423,20,야간,화,1,0,0,경북,경산시,차대차,진행중 추돌,안전운전 의무 불이행,교차로,승용차,자전거
2016061819,0,야간,토,1,0,0,경기,화성시,차대차,측면직각충돌,안전거리 미확보,교차로,화물차,원동기장치자전거
2016062802,15,야간,화,1,0,0,전북,익산시,차대사람,기타,안전운전 의무 불이행,단일로,승용차,보행자
2016062801,45,야간,화,1,0,0,경기,의정부시,차대사람,횡단중,안전운전 의무 불이행,교차로,승용차,보행자
2016062620,0,야간,일,1,0,0,충북,영동군,차량단독,전도전복,안전운전 의무 불이행,단일로,자전거,
2016062504,30,야간,토,1,0,0,광주,북구,차량단독,전도전복,안전운전 의무 불이행,단일로,승용차,
2016070210,39,주간,토,1,0,0,부산,동래구,차대사람,길가장자리구역통행중,안전운전 의무 불이행,단일로,화물차,보행자
2016070302,20,야간,일,1,1,1,대전,중구,차대차,측면직각충돌,신호위반,교차로,화물차,승용차
2016070608,55,주간,수,1,1,0,경기,이천시,차대차,측면직각충돌,중앙선 침범,단일로,화물차,승용차
2016070615,15,주간,수,1,0,0,부산,남구,차대사람,차도통행중,안전운전 의무 불이행,단일로,승용차,보행자
2016070411,34,주간,월,1,0,0,경북,청송군,차대차,기타,직진 및 우회전차의 통행방해,교차로,승용차,원동기장치자전거
2016070322,30,야간,일,1,0,0,경북,청도군,차대사람,기타,안전운전 의무 불이행,단일로,승용차,보행자
2016070501,7,야간,화,1,0,0,제주,제주시,차대사람,횡단중,안전운전 의무 불이행,단일로,승용차,보행자
2016071108,10,주간,월,1,0,0,경북,군위군,차대차,진행중 추돌,안전운전 의무 불이행,교차로,화물차,자전거
2016070814,40,주간,금,1,0,0,경기,성남시,차대차,측면직각충돌,과속,단일로,화물차,자전거
2016070806,55,주간,금,1,0,0,인천,남동구,차대사람,횡단중,안전운전 의무 불이행,교차로,화물차,보행자
2016070817,0,주간,금,1,0,0,충남,태안군,차량단독,전도전복,안전운전 의무 불이행,단일로,농기계,
2016070714,25,주간,목,1,0,0,충남,아산시,차대차,진행중 추돌,안전운전 의무 불이행,단일로,원동기장치자전거,승합차
2016070709,40,주간,목,1,1,0,경북,청송군,차대차,진행중 추돌,안전운전 의무 불이행,단일로,승용차,화물차
2016071516,10,주간,금,1,1,0,경남,양산시,차대차,측면직각충돌,안전운전 의무 불이행,단일로,건설기계,이륜차
2016071518,34,야간,금,1,0,0,경북,성주군,차량단독,전도전복,안전운전 의무 불이행,단일로,화물차,
2016072109,35,주간,목,1,2,0,경기,성남시,차대차,기타,기타(운전자법규위반),단일로,승용차,화물차
2016072106,45,주간,목,1,0,0,충남,천안시,차대차,기타,중앙선 침범,교차로,이륜차,건설기계
2016072008,15,주간,수,1,0,0,경기,안산시,차량단독,전도전복,안전운전 의무 불이행,단일로,자전거,
2016072104,0,야간,목,1,0,0,서울,영등포구,차대사람,횡단중,신호위반,단일로,승용차,보행자
2016072116,30,주간,목,1,1,0,대구,북구,차대사람,길가장자리구역통행중,안전운전 의무 불이행,단일로,화물차,보행자
2016060804,55,야간,수,1,0,0,대전,서구,차대사람,횡단중,안전운전 의무 불이행,교차로,승용차,보행자
2016060810,45,주간,수,1,0,0,경기,여주시,차대사람,기타,안전운전 의무 불이행,교차로,승용차,보행자
2016060606,10,주간,월,1,0,0,전남,여수시,차대사람,길가장자리구역통행중,안전운전 의무 불이행,단일로,승합차,보행자
2016060615,30,주간,월,1,0,0,전남,영광군,차량단독,전도전복,안전운전 의무 불이행,교차로,이륜차,
2016061016,10,주간,금,1,1,0,충북,충주시,차대차,측면직각충돌,안전운전 의무 불이행,교차로,승용차,원동기장치자전거
2016061113,0,주간,토,1,0,0,충남,부여군,차대차,측면직각충돌,안전운전 의무 불이행,단일로,이륜차,건설기계
2016061621,23,야간,목,1,1,0,경기,의왕시,차대사람,횡단중,안전운전 의무 불이행,단일로,승합차,보행자
2016061709,24,주간,금,1,0,0,서울,동작구,차량단독,기타,안전운전 의무 불이행,기타/불명,자전거,
2016062506,58,주간,토,1,0,0,경기,남양주시,차대사람,차도통행중,안전운전 의무 불이행,단일로,승용차,보행자
2016062400,59,야간,금,1,0,0,부산,사하구,차대사람,기타,안전운전 의무 불이행,단일로,화물차,보행자
2016062405,0,야간,금,1,0,0,서울,강남구,차량단독,기타,안전운전 의무 불이행,단일로,이륜차,
2016062821,0,야간,화,1,0,0,경북,경주시,차대사람,횡단중,안전운전 의무 불이행,교차로,승용차,보행자
2016062509,50,주간,토,1,0,0,경남,밀양시,차량단독,공작물충돌,안전운전 의무 불이행,단일로,승용차,
2016070511,47,주간,화,1,0,0,경남,함안군,차대차,측면직각충돌,안전거리 미확보,교차로,이륜차,승용차
2016070309,50,주간,일,1,0,0,경기,동두천시,차대차,측면직각충돌,신호위반,교차로,승합차,이륜차
2016070719,8,야간,목,1,0,0,충북,단양군,차대차,정면충돌,중앙선 침범,단일로,이륜차,승용차
2016090908,30,주간,금,1,0,1,전북,군산시,차대차,정면충돌,직진 및 우회전차의 통행방해,교차로,이륜차,승용차
2016110420,40,야간,금,1,0,0,경기,안성시,차대사람,기타,안전운전 의무 불이행,단일로,승용차,보행자
2016102919,10,야간,토,2,1,0,전북,고창군,차대사람,횡단중,과속,단일로,승용차,보행자
2016120518,3,야간,월,1,0,0,경남,함안군,차량단독,공작물충돌,안전운전 의무 불이행,단일로,승용차,
2016121023,3,야간,토,1,0,0,서울,강북구,차대차,정면충돌,신호위반,교차로,이륜차,승합차
2016120918,25,야간,금,1,0,0,경북,구미시,차대차,기타,안전운전 의무 불이행,기타/불명,승용차,건설기계
2016120906,45,주간,금,1,0,0,대전,중구,차대사람,횡단중,안전운전 의무 불이행,단일로,승용차,보행자
2016120919,28,야간,금,1,0,0,강원,홍천군,차대사람,횡단중,안전운전 의무 불이행,단일로,승용차,보행자
2016122819,22,야간,수,1,0,0,충남,공주시,차대사람,횡단중,안전운전 의무 불이행,교차로,승용차,보행자
2016122907,10,주간,목,1,0,0,제주,서귀포시,차대사람,횡단중,보행자 보호의무 위반,단일로,화물차,보행자
2016122100,30,야간,수,1,0,0,경기,군포시,차대차,측면직각충돌,신호위반,교차로,승용차,이륜차
2016122305,15,야간,금,1,0,0,서울,서대문구,차대사람,횡단중,안전운전 의무 불이행,단일로,승용차,보행자
2016122705,44,야간,화,1,0,0,전남,광양시,차대사람,횡단중,안전운전 의무 불이행,단일로,승용차,보행자
2016100320,20,야간,월,1,0,0,전남,순천시,차대사람,횡단중,안전운전 의무 불이행,교차로,승용차,보행자
2016093016,5,주간,금,1,0,0,충북,단양군,차대차,측면직각충돌,안전거리 미확보,단일로,승용차,이륜차
2016093010,25,주간,금,1,0,0,경기,안성시,차대사람,차도통행중,안전운전 의무 불이행,교차로,승용차,보행자
2016110722,14,야간,월,1,0,0,경기,양평군,차대사람,기타,안전운전 의무 불이행,단일로,승용차,보행자
2016111114,27,주간,금,1,0,0,경남,밀양시,차량단독,공작물충돌,안전운전 의무 불이행,단일로,화물차,
2016110615,34,주간,일,1,0,0,전남,장성군,차대차,진행중 추돌,안전운전 의무 불이행,단일로,농기계,농기계
2016110520,8,야간,토,1,0,0,대구,수성구,차대사람,횡단중,안전운전 의무 불이행,단일로,승용차,보행자
2016110718,14,야간,월,1,0,0,경기,포천시,차대차,진행중 추돌,안전운전 의무 불이행,단일로,승용차,이륜차
2016110718,45,야간,월,1,0,0,부산,금정구,차대사람,횡단중,신호위반,단일로,자전거,보행자
2016110719,50,야간,월,1,0,0,경기,고양시,차대사람,횡단중,안전운전 의무 불이행,교차로,승합차,보행자
2016111808,35,주간,금,1,0,0,울산,남구,차대차,기타,안전운전 의무 불이행,교차로,이륜차,화물차
2016111512,40,주간,화,1,0,1,경북,안동시,차대사람,횡단중,신호위반,단일로,원동기장치자전거,보행자
2016111406,35,주간,월,1,0,2,충북,충주시,차대차,정면충돌,안전운전 의무 불이행,단일로,화물차,승용차
2016111516,5,주간,화,1,0,0,전북,남원시,차대사람,기타,안전운전 의무 불이행,단일로,승용차,보행자
2016112622,25,야간,토,1,0,0,부산,해운대구,차대사람,횡단중,신호위반,단일로,승용차,보행자
2016112323,0,야간,수,1,0,0,충북,청주시,차량단독,공작물충돌,안전운전 의무 불이행,단일로,화물차,
2016112607,25,주간,토,1,0,0,대구,달성군,차대차,측면직각충돌,부당한 회전,교차로,자전거,승용차
2016112218,16,야간,화,1,0,0,경기,고양시,차대차,기타,신호위반,교차로,화물차,이륜차
2016103015,32,주간,일,1,0,0,경북,구미시,차대차,기타,안전거리 미확보,단일로,승용차,이륜차
2016110411,0,주간,금,1,0,0,부산,진구,차대사람,보도통행중,보행자 보호의무 위반,단일로,화물차,보행자
2016103123,20,야간,월,1,0,0,충남,천안시,차대차,진행중 추돌,안전운전 의무 불이행,단일로,승용차,화물차
2016110305,35,야간,목,1,0,0,서울,용산구,차대사람,횡단중,안전운전 의무 불이행,단일로,화물차,보행자
2016103115,25,주간,월,1,0,0,전남,담양군,차대차,기타,안전운전 의무 불이행,교차로,화물차,자전거
2016103106,0,주간,월,1,0,0,인천,계양구,차대사람,횡단중,안전운전 의무 불이행,교차로,화물차,보행자
2016110513,55,주간,토,1,0,0,대구,동구,차량단독,공작물충돌,안전운전 의무 불이행,단일로,자전거,
2016110212,50,주간,수,1,0,0,광주,광산구,차대차,진행중 추돌,안전운전 의무 불이행,단일로,승용차,자전거
2016121108,56,주간,일,1,0,0,경북,경주시,차량단독,전도전복,안전운전 의무 불이행,단일로,승용차,
2016121216,39,주간,월,1,0,0,전북,군산시,차대사람,횡단중,안전운전 의무 불이행,단일로,화물차,보행자
2016120709,40,주간,수,1,1,0,충남,부여군,차대사람,기타,안전운전 의무 불이행,단일로,화물차,보행자
2016041421,35,야간,목,1,0,0,서울,중구,차대사람,횡단중,안전운전 의무 불이행,교차로,승용차,보행자
2016041810,55,주간,월,1,0,0,경남,창원시(통합),차량단독,기타,안전운전 의무 불이행,교차로,원동기장치자전거,
2016041705,50,야간,일,1,0,0,경기,광주시,차대사람,횡단중,보행자 보호의무 위반,단일로,화물차,보행자
2016041720,10,야간,일,1,0,0,대구,수성구,차대사람,횡단중,안전운전 의무 불이행,단일로,승용차,보행자
2016042114,30,주간,목,1,0,0,대전,대덕구,차량단독,전도전복,안전운전 의무 불이행,단일로,자전거,
2016042003,40,야간,수,1,0,0,부산,남구,차대사람,차도통행중,안전운전 의무 불이행,교차로,승용차,보행자
2016042307,50,주간,토,1,0,0,경기,가평군,차대차,진행중 추돌,안전운전 의무 불이행,단일로,승용차,건설기계
2016042919,30,야간,금,1,0,0,전남,영암군,차량단독,전도전복,안전운전 의무 불이행,단일로,이륜차,
2016042913,0,주간,금,1,0,1,부산,금정구,차대차,정면충돌,중앙선 침범,단일로,승용차,건설기계
2016050514,31,주간,목,1,3,0,대구,수성구,차대차,측면직각충돌,신호위반,교차로,승용차,승용차
2016041016,24,주간,일,1,0,0,서울,용산구,차대차,정면충돌,안전운전 의무 불이행,단일로,원동기장치자전거,승합차
2016041105,28,야간,월,1,0,0,경기,용인시,차대사람,횡단중,안전운전 의무 불이행,교차로,승용차,보행자
2016040912,55,주간,토,1,0,0,경남,합천군,차대차,측면직각충돌,교차로 통행방법 위반,교차로,원동기장치자전거,승용차
2016040920,13,야간,토,1,0,0,충북,청주시,차대사람,횡단중,안전운전 의무 불이행,단일로,승용차,보행자
2016041404,55,야간,목,1,0,0,전남,진도군,차대차,기타,중앙선 침범,단일로,화물차,화물차
2016041211,20,주간,화,1,0,2,충북,청주시,차대차,진행중 추돌,과속,단일로,화물차,화물차
2016041222,10,야간,화,2,4,0,충북,충주시,차대차,기타,안전운전 의무 불이행,단일로,화물차,승용차
2016041720,50,야간,일,1,0,0,경기,용인시,차대사람,기타,안전운전 의무 불이행,단일로,승합차,보행자
2016041619,0,야간,토,1,0,0,경북,예천군,차량단독,전도전복,안전운전 의무 불이행,단일로,이륜차,
2016041615,43,주간,토,1,2,0,부산,북구,차량단독,공작물충돌,안전운전 의무 불이행,단일로,승용차,
2016042212,55,주간,금,1,0,0,전남,여수시,차대사람,횡단중,보행자 보호의무 위반,단일로,승용차,보행자
2016041919,25,야간,화,1,0,0,인천,남구,차대사람,기타,안전운전 의무 불이행,교차로,승용차,보행자
2016042616,0,주간,화,1,0,0,충남,부여군,차대차,진행중 추돌,안전운전 의무 불이행,단일로,화물차,화물차
2016042422,50,야간,일,1,2,2,충남,서산시,차대차,정면충돌,중앙선 침범,단일로,승용차,승용차
2016042517,20,주간,월,1,0,0,충남,논산시,차량단독,전도전복,안전운전 의무 불이행,단일로,이륜차,
2016042401,24,야간,일,1,0,0,경기,부천시,차대사람,횡단중,안전운전 의무 불이행,교차로,승용차,보행자
2016042300,0,야간,토,1,0,0,전남,순천시,차량단독,공작물충돌,안전운전 의무 불이행,단일로,승합차,
2016042914,58,주간,금,1,0,0,충북,괴산군,차대사람,차도통행중,안전운전 의무 불이행,교차로,승용차,보행자
2016050222,40,야간,월,1,0,0,충남,천안시,차대사람,보도통행중,과속,교차로,승합차,보행자
2016050207,0,주간,월,1,0,0,서울,성동구,차대사람,기타,안전운전 의무 불이행,교차로,화물차,보행자
2016043020,33,야간,토,1,0,0,전북,순창군,차대사람,차도통행중,안전운전 의무 불이행,단일로,승용차,보행자
2016041109,0,주간,월,1,0,0,대구,북구,차대차,측면직각충돌,안전운전 의무 불이행,단일로,승용차,자전거
2016041414,30,주간,목,1,0,0,광주,광산구,차량단독,전도전복,안전운전 의무 불이행,단일로,이륜차,
2016041318,15,야간,수,1,0,0,경남,양산시,차대차,정면충돌,중앙선 침범,단일로,승용차,승합차
2016041207,0,주간,화,1,0,0,경북,안동시,차량단독,전도전복,안전운전 의무 불이행,단일로,이륜차,
2016041901,40,야간,화,2,2,1,경기,포천시,차대차,진행중 추돌,안전운전 의무 불이행,단일로,승용차,화물차
2016042520,25,야간,월,1,0,0,전남,구례군,차량단독,전도전복,안전운전 의무 불이행,단일로,화물차,
2016042700,43,야간,수,1,0,0,경기,포천시,차대사람,기타,안전운전 의무 불이행,단일로,승용차,보행자
2016042806,35,주간,목,1,0,1,전북,고창군,차대차,정면충돌,중앙선 침범,단일로,화물차,화물차
2016050115,30,주간,일,1,0,0,충남,서산시,차대차,정면충돌,안전운전 의무 불이행,단일로,승용차,농기계
2016040515,56,주간,화,1,0,0,대구,달서구,차대사람,횡단중,보행자 보호의무 위반,교차로,승용차,보행자
2016040518,19,야간,화,1,0,0,경기,광명시,차대차,측면직각충돌,안전운전 의무 불이행,교차로,특수차,이륜차
2016040923,20,야간,토,1,0,0,충북,충주시,차대사람,기타,안전운전 의무 불이행,단일로,승용차,보행자
2016070615,11,주간,수,1,0,0,전북,정읍시,차량단독,전도전복,안전운전 의무 불이행,교차로,이륜차,
2016072022,0,야간,수,1,0,0,경기,포천시,차대차,기타,안전운전 의무 불이행,단일로,화물차,자전거
2016072121,0,야간,목,1,0,0,경기,성남시,차량단독,도로이탈 추락,안전운전 의무 불이행,기타/불명,자전거,
2016060816,5,주간,수,1,0,0,서울,구로구,차대사람,기타,안전운전 의무 불이행,단일로,화물차,보행자
2016060614,29,주간,월,1,0,0,전남,순천시,차대차,측면직각충돌,안전운전 의무 불이행,교차로,승용차,자전거
2016060714,16,주간,화,1,1,0,세종,세종,차대차,측면직각충돌,교차로 통행방법 위반,교차로,이륜차,건설기계
2016061621,0,야간,목,1,0,0,서울,서대문구,차대사람,횡단중,안전운전 의무 불이행,단일로,승용차,보행자
2016061411,22,주간,화,1,0,0,서울,성동구,차량단독,기타,기타(운전자법규위반),기타/불명,화물차,
2016062314,35,주간,목,1,0,0,경남,창원시(통합),차대차,정면충돌,안전운전 의무 불이행,교차로,승용차,원동기장치자전거
2016062117,10,주간,화,1,0,0,충남,천안시,차량단독,기타,안전운전 의무 불이행,단일로,농기계,
2016062715,50,주간,월,1,0,0,전남,무안군,차량단독,전도전복,안전운전 의무 불이행,단일로,이륜차,
2016062600,3,야간,일,1,0,0,경기,구리시,차량단독,기타,안전운전 의무 불이행,기타/불명,승합차,
2016062600,30,야간,일,1,0,1,서울,구로구,차대차,진행중 추돌,안전운전 의무 불이행,단일로,화물차,화물차
2016070313,10,주간,일,1,4,3,대구,수성구,차대차,측면직각충돌,신호위반,교차로,승용차,승용차
2016070405,20,야간,월,1,0,0,경기,파주시,차량단독,전도전복,안전운전 의무 불이행,단일로,원동기장치자전거,
2016071005,10,야간,일,1,1,0,강원,횡성군,차대차,정면충돌,중앙선 침범,단일로,승용차,승용차
2016072010,55,주간,수,1,0,0,경남,고성군,차대차,측면직각충돌,안전거리 미확보,교차로,화물차,특수차
2016072013,0,주간,수,1,0,0,경북,군위군,차대차,기타,앞지르기 금지위반,교차로,화물차,농기계
2016072002,22,야간,수,1,0,0,경북,칠곡군,차대차,기타,안전운전 의무 불이행,단일로,승용차,승용차
2016072104,42,야간,목,1,0,0,부산,해운대구,차대사람,기타,안전운전 의무 불이행,단일로,승용차,보행자
2016071410,25,주간,목,1,1,0,충남,부여군,차대차,정면충돌,중앙선 침범,단일로,승용차,승용차
2016071301,20,야간,수,1,0,0,경기,성남시,차대사람,차도통행중,안전운전 의무 불이행,기타/불명,승용차,보행자
2016071303,40,야간,수,1,0,0,충북,옥천군,차대사람,기타,안전운전 의무 불이행,단일로,승용차,보행자
2016071310,5,주간,수,1,0,0,경북,봉화군,차량단독,공작물충돌,안전운전 의무 불이행,교차로,화물차,
2016060808,15,주간,수,1,0,1,경남,창원시(통합),차대차,측면직각충돌,안전운전 의무 불이행,교차로,승용차,승용차
2016060719,15,야간,화,1,0,0,전북,순창군,차대차,측면직각충돌,직진 및 우회전차의 통행방해,교차로,원동기장치자전거,승용차
2016061612,20,주간,목,1,0,0,경남,사천시,차대사람,차도통행중,안전운전 의무 불이행,교차로,화물차,보행자
2016061700,58,야간,금,1,0,0,충북,제천시,차대사람,횡단중,안전운전 의무 불이행,기타/불명,승용차,보행자
2016061320,36,야간,월,1,0,0,경기,남양주시,차대사람,횡단중,안전운전 의무 불이행,교차로,승용차,보행자
2016061221,16,야간,일,1,0,0,강원,홍천군,차량단독,전도전복,안전운전 의무 불이행,단일로,화물차,
2016061404,2,야간,화,1,0,0,경남,창원시(통합),차대사람,기타,안전운전 의무 불이행,단일로,화물차,보행자
2016062021,50,야간,월,1,0,0,경기,양주시,차대차,진행중 추돌,안전거리 미확보,단일로,화물차,승용차
2016062316,25,주간,목,1,0,0,경남,거제시,차대차,기타,안전운전 의무 불이행,교차로,화물차,이륜차
2016062700,0,야간,월,1,0,0,충남,아산시,차량단독,전도전복,안전운전 의무 불이행,기타/불명,승용차,
2016062513,15,주간,토,1,0,0,경북,영양군,차대차,진행중 추돌,안전운전 의무 불이행,단일로,이륜차,화물차
2016070118,10,야간,금,1,0,0,경기,군포시,차대사람,횡단중,안전운전 의무 불이행,단일로,화물차,보행자
2016070616,36,주간,수,1,0,0,서울,양천구,차대사람,차도통행중,안전운전 의무 불이행,단일로,승용차,보행자
2016072017,40,주간,수,1,0,0,서울,은평구,차대사람,횡단중,안전운전 의무 불이행,교차로,건설기계,보행자
2016071308,35,주간,수,1,0,0,전남,고흥군,차대사람,횡단중,안전운전 의무 불이행,단일로,화물차,보행자
2016071210,15,주간,화,1,0,0,경북,울진군,차대사람,횡단중,안전운전 의무 불이행,단일로,승합차,보행자
2016071322,0,야간,수,1,0,0,대전,동구,차대사람,횡단중,안전운전 의무 불이행,단일로,화물차,보행자
2016071412,40,주간,목,1,1,0,경북,상주시,차대차,측면직각충돌,교차로 통행방법 위반,교차로,이륜차,이륜차
2016080504,40,야간,금,1,1,0,광주,서구,차대차,진행중 추돌,안전운전 의무 불이행,단일로,화물차,화물차
2016080902,31,야간,화,1,0,0,부산,기장군,차량단독,전도전복,안전운전 의무 불이행,단일로,이륜차,
2016080800,10,야간,월,2,1,0,전남,보성군,차량단독,공작물충돌,과속,단일로,승용차,
2016080816,55,주간,월,1,0,0,인천,서구,차대차,기타,안전거리 미확보,단일로,건설기계,원동기장치자전거
2016080706,35,주간,일,1,0,0,인천,동구,차량단독,전도전복,안전운전 의무 불이행,단일로,이륜차,
2016081017,15,주간,수,1,0,0,강원,철원군,차량단독,공작물충돌,안전운전 의무 불이행,단일로,화물차,
2016081019,50,야간,수,1,0,0,울산,울주군,차대사람,차도통행중,안전운전 의무 불이행,단일로,승용차,보행자
2016081104,45,야간,목,1,1,0,강원,원주시,차대사람,횡단중,보행자 보호의무 위반,단일로,화물차,보행자
2016081207,14,주간,금,1,0,0,전북,익산시,차대사람,차도통행중,안전운전 의무 불이행,교차로,승용차,보행자
2016081805,25,야간,목,1,0,0,경기,안산시,차대사람,횡단중,안전운전 의무 불이행,단일로,화물차,보행자
2016081519,20,야간,월,2,0,0,충북,제천시,차량단독,공작물충돌,안전운전 의무 불이행,단일로,이륜차,
2016081608,20,주간,화,1,0,0,강원,홍천군,차량단독,공작물충돌,안전운전 의무 불이행,단일로,화물차,
2016082118,40,야간,일,1,0,0,경기,연천군,차량단독,전도전복,안전운전 의무 불이행,단일로,화물차,
2016082213,50,주간,월,1,0,0,대전,서구,차대차,측면직각충돌,안전거리 미확보,단일로,승용차,승용차
2016081916,43,주간,금,1,0,0,전남,구례군,차량단독,전도전복,안전운전 의무 불이행,단일로,원동기장치자전거,
2016082507,57,주간,목,1,0,0,전남,나주시,차대차,정면충돌,안전운전 의무 불이행,교차로,화물차,자전거
2016090920,0,야간,금,1,0,0,부산,사하구,차대사람,길가장자리구역통행중,안전운전 의무 불이행,단일로,승용차,보행자
2016090701,16,야간,수,1,0,0,서울,송파구,차대사람,기타,안전운전 의무 불이행,단일로,승용차,승용차
2016092118,45,야간,수,1,0,0,전남,고흥군,차대사람,횡단중,안전운전 의무 불이행,교차로,승용차,보행자
2016091003,30,야간,토,1,0,0,경기,고양시,차대차,기타,중앙선 침범,단일로,승용차,이륜차
2016091219,29,야간,월,1,0,0,충북,옥천군,차대사람,차도통행중,안전운전 의무 불이행,교차로,승용차,보행자
2016090712,0,주간,수,1,0,0,강원,속초시,차대차,측면직각충돌,안전운전 의무 불이행,단일로,자전거,승용차
2016090820,38,야간,목,1,0,0,부산,강서구,차대사람,기타,안전운전 의무 불이행,단일로,승용차,보행자
2016091009,20,주간,토,1,0,0,경남,진주시,차대사람,횡단중,부당한 회전,기타/불명,승합차,보행자
2016091203,51,야간,월,2,0,0,충남,천안시,차대차,기타,신호위반,교차로,이륜차,승용차
2016091006,20,주간,토,1,0,0,경기,용인시,차대사람,기타,안전운전 의무 불이행,단일로,화물차,보행자