발생년월일시,발생분,주야,요일,사망자수,중상자수,경상자수,발생지시도,발생지시군구,사고유형_대분류,사고유형,법규위반,도로형태_대분류,당사자종별_1당_대분류,당사자종별_2당_대분류
2016081607,0,주간,화,1,0,0,인천,서구,차대사람,횡단중,신호위반,단일로,승용차,보행자
2016082211,15,주간,월,1,0,0,충남,논산시,차대사람,횡단중,안전운전 의무 불이행,단일로,승용차,보행자
2016082212,50,주간,월,1,0,0,경기,파주시,차대사람,횡단중,보행자 보호의무 위반,교차로,화물차,보행자
2016082006,35,주간,토,1,0,0,경북,영주시,차대사람,횡단중,보행자 보호의무 위반,교차로,화물차,보행자
2016081819,30,야간,목,1,0,0,경북,경주시,차대사람,길가장자리구역통행중,안전운전 의무 불이행,단일로,승용차,보행자
2016082517,40,주간,목,1,0,1,경북,경주시,차대차,기타,안전운전 의무 불이행,단일로,승용차,이륜차
2016082205,30,야간,월,1,0,0,경북,예천군,차대차,측면직각충돌,안전운전 의무 불이행,교차로,화물차,농기계
2016082204,45,야간,월,1,0,0,부산,금정구,차대사람,횡단중,안전운전 의무 불이행,단일로,화물차,보행자
2016082403,30,야간,수,1,0,0,강원,춘천시,차대사람,길가장자리구역통행중,안전운전 의무 불이행,단일로,승용차,보행자
2016082209,40,주간,월,1,0,0,충남,홍성군,차대차,정면충돌,중앙선 침범,단일로,승용차,화물차
2016082819,40,야간,일,1,0,0,인천,계양구,차대사람,기타,안전운전 의무 불이행,단일로,승용차,보행자
2016082822,0,야간,일,1,0,0,경남,창원시(통합),차대사람,횡단중,안전운전 의무 불이행,단일로,승용차,보행자
2016082809,59,주간,일,1,0,0,전북,순창군,차대차,측면직각충돌,신호위반,교차로,이륜차,승용차
2016090819,15,야간,목,1,0,0,경기,포천시,차대사람,횡단중,과속,단일로,화물차,보행자
2016072309,30,주간,토,1,0,0,경북,의성군,차대차,진행중 추돌,안전운전 의무 불이행,단일로,승용차,농기계
2016072304,15,야간,토,1,0,0,경북,칠곡군,차량단독,공작물충돌,안전운전 의무 불이행,교차로,승용차,
2016072301,45,야간,토,1,0,0,서울,강동구,차량단독,전도전복,중앙선 침범,단일로,이륜차,
2016072810,0,주간,목,1,0,0,충남,부여군,차대차,측면직각충돌,중앙선 침범,단일로,이륜차,화물차
2016072704,20,야간,수,1,0,0,경기,고양시,차대차,진행중 추돌,안전운전 의무 불이행,단일로,승용차,화물차
2016072708,50,주간,수,1,0,0,전북,순창군,차대차,측면직각충돌,중앙선 침범,교차로,승합차,승용차
2016080103,0,야간,월,1,0,0,강원,속초시,차대사람,기타,안전운전 의무 불이행,단일로,승용차,보행자
2016073122,10,야간,일,1,0,0,부산,북구,차대차,정면충돌,중앙선 침범,단일로,원동기장치자전거,승합차
2016072920,30,야간,금,1,0,0,서울,강동구,차대사람,차도통행중,안전운전 의무 불이행,교차로,승용차,보행자
2016073017,50,주간,토,1,0,0,충북,충주시,차대차,측면직각충돌,교차로 통행방법 위반,교차로,승용차,화물차
2016073023,30,야간,토,1,0,0,충북,제천시,차량단독,공작물충돌,안전운전 의무 불이행,단일로,이륜차,
2016072922,0,야간,금,1,0,0,세종,세종,차대사람,횡단중,안전운전 의무 불이행,단일로,승용차,보행자
2016081301,45,야간,토,1,1,0,경기,수원시,차량단독,전도전복,안전운전 의무 불이행,단일로,원동기장치자전거,
2016081311,20,주간,토,1,0,0,충남,홍성군,차대차,측면직각충돌,교차로 통행방법 위반,교차로,승용차,이륜차
2016081612,55,주간,화,2,0,0,경북,성주군,차대차,진행중 추돌,안전운전 의무 불이행,교차로,승합차,농기계
2016082011,0,주간,토,1,0,0,경기,용인시,차대사람,횡단중,안전운전 의무 불이행,교차로,승용차,보행자
2016082305,30,야간,화,1,0,0,경기,광주시,차대차,측면직각충돌,신호위반,단일로,화물차,자전거
2016081805,13,야간,목,1,0,3,대구,수성구,차대차,측면직각충돌,안전운전 의무 불이행,단일로,승용차,승용차
2016081806,50,주간,목,1,0,0,충남,홍성군,차량단독,전도전복,안전운전 의무 불이행,단일로,농기계,
2016081522,0,야간,월,1,0,0,경기,파주시,차대사람,차도통행중,안전운전 의무 불이행,교차로,승합차,보행자
2016081505,45,야간,월,1,0,0,충남,당진시,차량단독,전도전복,안전운전 의무 불이행,단일로,승용차,
2016082021,38,야간,토,1,0,0,전북,정읍시,차량단독,전도전복,안전운전 의무 불이행,단일로,화물차,
2016081915,10,주간,금,1,0,0,충남,홍성군,차량단독,전도전복,안전운전 의무 불이행,단일로,승용차,
2016090811,20,주간,목,1,3,0,대전,동구,차대차,측면직각충돌,신호위반,교차로,승용차,승용차
2016091116,25,주간,일,1,0,0,경기,파주시,차대차,측면직각충돌,신호위반,교차로,이륜차,승합차
2016092019,0,야간,화,1,0,0,충북,충주시,차대사람,기타,과속,단일로,승용차,보행자
2016091402,44,야간,수,2,0,2,경북,영덕군,차대차,정면충돌,중앙선 침범,단일로,이륜차,승용차
2016091510,15,주간,목,1,0,0,경북,청도군,차량단독,전도전복,안전운전 의무 불이행,단일로,이륜차,
2016091401,52,야간,수,1,1,0,경기,군포시,차대사람,횡단중,안전운전 의무 불이행,단일로,승용차,보행자
2016091517,45,주간,목,1,0,0,경기,고양시,차량단독,기타,안전운전 의무 불이행,단일로,자전거,
2016091809,50,주간,일,1,0,1,전북,순창군,차량단독,전도전복,안전운전 의무 불이행,단일로,승용차,
2016091411,20,주간,수,1,0,0,경남,창녕군,차대차,기타,안전운전 의무 불이행,교차로,승용차,원동기장치자전거
2016091918,57,야간,월,1,0,0,강원,화천군,차대차,측면직각충돌,안전운전 의무 불이행,교차로,화물차,자전거
2016072303,16,야간,토,1,0,1,경기,수원시,차대사람,횡단중,과속,단일로,이륜차,보행자
2016072220,45,야간,금,1,0,0,부산,기장군,차량단독,전도전복,안전운전 의무 불이행,단일로,승용차,
2016072217,50,주간,금,1,0,0,충북,진천군,차대차,측면직각충돌,신호위반,교차로,이륜차,승합차
2016072606,55,주간,화,1,2,0,인천,강화군,차대차,측면직각충돌,신호위반,교차로,화물차,승합차
2016072618,23,야간,화,1,0,0,충북,제천시,차대차,정면충돌,중앙선 침범,단일로,이륜차,승용차
2016073100,10,야간,일,1,0,0,대전,동구,차대차,측면직각충돌,신호위반,단일로,원동기장치자전거,자전거
2016080502,31,야간,금,1,0,1,전북,전주시,차대차,기타,안전거리 미확보,단일로,화물차,승용차
2016080502,40,야간,금,1,0,0,경북,경산시,차량단독,전도전복,안전운전 의무 불이행,단일로,이륜차,
2016080308,14,주간,수,1,0,0,서울,양천구,차대사람,횡단중,안전운전 의무 불이행,단일로,승용차,보행자
2016080918,15,야간,화,1,0,0,경북,군위군,차대차,정면충돌,안전운전 의무 불이행,교차로,승용차,이륜차
2016080916,15,주간,화,1,6,2,전남,순천시,차대차,기타,신호위반,교차로,승용차,화물차
2016080813,18,주간,월,1,1,0,제주,서귀포시,차량단독,전도전복,안전운전 의무 불이행,단일로,화물차,
2016081314,5,주간,토,1,3,2,충북,단양군,차대차,측면직각충돌,직진 및 우회전차의 통행방해,교차로,화물차,승용차
2016110322,43,야간,목,1,0,0,부산,사상구,차대사람,횡단중,안전운전 의무 불이행,단일로,화물차,보행자
2016103118,10,야간,월,1,0,0,전남,장흥군,차대사람,횡단중,안전운전 의무 불이행,단일로,승용차,보행자
2016110407,27,주간,금,1,0,0,충남,예산군,차대사람,횡단중,안전운전 의무 불이행,단일로,화물차,보행자
2016110208,50,주간,수,1,0,0,경북,경주시,차대차,측면직각충돌,안전운전 의무 불이행,단일로,승용차,원동기장치자전거
2016110323,11,야간,목,1,0,0,충남,논산시,차대사람,횡단중,안전운전 의무 불이행,교차로,화물차,보행자
2016121020,53,야간,토,1,0,0,제주,제주시,차대사람,기타,안전운전 의무 불이행,단일로,승용차,보행자
2016120817,55,주간,목,1,0,0,대구,달성군,차대차,진행중 추돌,안전운전 의무 불이행,단일로,화물차,특수차
2016121021,48,야간,토,1,0,0,세종,세종,차대차,진행중 추돌,안전운전 의무 불이행,교차로,이륜차,화물차
2016120904,25,야간,금,1,0,0,서울,중구,차대사람,횡단중,안전운전 의무 불이행,단일로,승용차,보행자
2016120916,35,주간,금,1,0,0,충북,청주시,차대차,진행중 추돌,안전거리 미확보,단일로,화물차,화물차
2016120607,45,주간,화,1,0,0,경기,고양시,차대사람,횡단중,안전운전 의무 불이행,단일로,승용차,보행자
2016120517,30,주간,월,1,0,0,부산,북구,차대사람,횡단중,보행자 보호의무 위반,단일로,승용차,보행자
2016120520,5,야간,월,1,0,0,서울,노원구,차대차,측면직각충돌,중앙선 침범,교차로,이륜차,승합차
2016052713,0,주간,금,1,0,0,대구,달서구,차량단독,기타,안전운전 의무 불이행,단일로,원동기장치자전거,
2016052712,52,주간,금,1,1,1,충남,금산군,차대사람,길가장자리구역통행중,중앙선 침범,단일로,화물차,보행자
2016060210,0,주간,목,1,0,0,경기,고양시,차량단독,기타,기타(운전자법규위반),단일로,승합차,
2016060219,10,야간,목,1,0,0,경북,의성군,차량단독,공작물충돌,안전운전 의무 불이행,단일로,화물차,
2016060301,10,야간,금,1,0,0,충남,천안시,차량단독,공작물충돌,안전운전 의무 불이행,교차로,승용차,
2016050417,0,주간,수,1,0,0,대구,달성군,차대사람,횡단중,안전운전 의무 불이행,단일로,화물차,보행자
2016050500,19,야간,목,1,0,0,대구,달서구,차대차,기타,안전운전 의무 불이행,단일로,승용차,화물차
2016050715,15,주간,토,1,0,0,충남,논산시,차대차,측면직각충돌,중앙선 침범,단일로,이륜차,승용차
2016051312,30,주간,금,1,0,0,전북,남원시,차량단독,전도전복,안전운전 의무 불이행,단일로,이륜차,
2016051219,50,야간,목,1,0,0,경기,평택시,차량단독,전도전복,안전운전 의무 불이행,교차로,화물차,
2016051106,5,주간,수,1,0,0,경기,화성시,차량단독,공작물충돌,안전운전 의무 불이행,단일로,승용차,
2016051417,8,주간,토,1,0,0,경남,통영시,차대사람,차도통행중,안전운전 의무 불이행,교차로,화물차,보행자
2016052009,29,주간,금,1,0,4,전남,해남군,차대차,진행중 추돌,안전운전 의무 불이행,단일로,이륜차,승용차
2016052311,0,주간,월,1,0,0,경남,진주시,차대사람,횡단중,보행자 보호의무 위반,교차로,승용차,보행자
2016052211,35,주간,일,1,0,0,충남,공주시,차량단독,전도전복,안전운전 의무 불이행,교차로,농기계,
2016052211,33,주간,일,1,0,0,전남,해남군,차량단독,전도전복,안전운전 의무 불이행,단일로,원동기장치자전거,
2016052303,20,야간,월,1,0,0,서울,마포구,차대사람,횡단중,안전운전 의무 불이행,단일로,승합차,보행자
2016052213,20,주간,일,1,0,0,충북,음성군,차량단독,전도전복,안전운전 의무 불이행,단일로,화물차,
2016052617,55,주간,목,1,0,0,서울,강북구,차대사람,횡단중,안전운전 의무 불이행,단일로,원동기장치자전거,보행자
2016060203,25,야간,목,1,0,0,인천,남동구,차량단독,공작물충돌,안전운전 의무 불이행,지하도로내,이륜차,
2016060205,53,야간,목,1,0,0,전남,강진군,차대사람,횡단중,안전운전 의무 불이행,단일로,승합차,보행자
2016060301,16,야간,금,1,0,0,경기,의정부시,차대사람,기타,안전운전 의무 불이행,단일로,승용차,보행자
2016060320,27,야간,금,1,0,0,서울,성동구,차대사람,길가장자리구역통행중,안전운전 의무 불이행,교차로,승용차,보행자
2016060201,55,야간,목,1,0,0,울산,남구,차대사람,횡단중,안전운전 의무 불이행,교차로,승용차,보행자
2016050912,5,주간,월,1,0,0,강원,강릉시,차량단독,전도전복,안전운전 의무 불이행,교차로,이륜차,
2016050712,55,주간,토,1,0,4,강원,원주시,차대차,정면충돌,안전운전 의무 불이행,교차로,승용차,승용차
2016051022,30,야간,화,1,0,0,경북,포항시,차대사람,횡단중,안전운전 의무 불이행,단일로,승용차,보행자
2016052008,0,주간,금,1,0,0,충남,논산시,차량단독,전도전복,안전운전 의무 불이행,단일로,이륜차,
2016051820,35,야간,수,1,0,0,경북,성주군,차량단독,공작물충돌,안전운전 의무 불이행,단일로,화물차,
2016052321,45,야간,월,1,0,0,전북,남원시,차량단독,전도전복,안전운전 의무 불이행,단일로,승용차,
2016052211,5,주간,일,1,1,0,인천,남동구,차대차,진행중 추돌,안전거리 미확보,단일로,이륜차,이륜차
2016052214,45,주간,일,1,0,0,충북,음성군,차대차,진행중 추돌,중앙선 침범,단일로,승용차,이륜차
2016052223,0,야간,일,1,0,0,대구,달서구,차대사람,횡단중,안전운전 의무 불이행,단일로,승용차,보행자
2016052814,24,주간,토,1,0,0,경기,안성시,차대사람,기타,안전운전 의무 불이행,단일로,승용차,보행자
2016052622,7,야간,목,1,2,0,인천,옹진군,차대차,정면충돌,중앙선 침범,단일로,승용차,승용차
2016052509,50,주간,수,1,0,0,인천,남동구,차대차,측면직각충돌,신호위반,교차로,자전거,승용차
2016052619,50,야간,목,1,0,1,전남,장흥군,차대차,측면직각충돌,중앙선 침범,단일로,농기계,승용차
2016060121,0,야간,수,1,0,0,경북,군위군,차대사람,길가장자리구역통행중,안전운전 의무 불이행,교차로,승용차,보행자
2016060307,10,주간,금,1,0,0,경기,안성시,차대차,진행중 추돌,안전운전 의무 불이행,교차로,승용차,자전거
2016060301,15,야간,금,1,0,0,강원,양양군,차량단독,전도전복,안전운전 의무 불이행,단일로,승용차,
2016050604,35,야간,금,1,1,0,충남,천안시,차량단독,공작물충돌,안전운전 의무 불이행,단일로,원동기장치자전거,
2016051013,32,주간,화,1,0,0,경기,평택시,차대사람,횡단중,안전운전 의무 불이행,단일로,승용차,보행자
2016050714,10,주간,토,1,1,0,충남,청양군,차대차,진행중 추돌,안전운전 의무 불이행,단일로,건설기계,농기계
2016060302,40,야간,금,1,0,1,충북,청주시,차대차,정면충돌,교차로 통행방법 위반,교차로,이륜차,화물차
2016060301,0,야간,금,1,0,0,강원,원주시,차대사람,기타,안전운전 의무 불이행,단일로,승용차,보행자
2016060310,50,주간,금,1,0,0,전북,무주군,차대차,정면충돌,중앙선 침범,단일로,화물차,이륜차
2016060313,30,주간,금,1,0,0,충북,충주시,차량단독,전도전복,안전운전 의무 불이행,단일로,원동기장치자전거,
2016060319,20,야간,금,1,0,0,전북,완주군,차대차,기타,중앙선 침범,단일로,원동기장치자전거,승용차
2016050913,10,주간,월,1,0,0,경북,칠곡군,차대차,측면직각충돌,교차로 통행방법 위반,교차로,화물차,이륜차
2016050915,27,주간,월,1,0,0,전북,완주군,차대차,측면직각충돌,안전운전 의무 불이행,단일로,화물차,이륜차
2016051207,40,주간,목,1,0,0,인천,계양구,차대사람,횡단중,안전운전 의무 불이행,단일로,승합차,보행자
2016051112,50,주간,수,1,0,0,전남,함평군,차대차,정면충돌,안전운전 의무 불이행,교차로,건설기계,자전거
2016051208,40,주간,목,1,1,0,충남,아산시,차대차,정면충돌,중앙선 침범,단일로,특수차,승용차
2016051522,50,야간,일,1,0,0,경기,가평군,차량단독,기타,안전운전 의무 불이행,단일로,승용차,
2016052011,25,주간,금,1,0,0,대구,북구,차대차,진행중 추돌,안전운전 의무 불이행,단일로,승용차,이륜차
2016051915,10,주간,목,1,1,0,경기,화성시,차대차,진행중 추돌,안전운전 의무 불이행,단일로,화물차,화물차
2016051922,0,야간,목,1,0,0,경북,포항시,차대사람,횡단중,안전운전 의무 불이행,단일로,승용차,보행자
2016052320,45,야간,월,1,0,0,대전,유성구,차대사람,횡단중,신호위반,단일로,승용차,보행자
2016060514,5,주간,일,1,0,0,경북,영주시,차량단독,전도전복,안전운전 의무 불이행,단일로,승용차,
2016060303,30,야간,금,1,0,0,전남,영암군,차대사람,기타,안전운전 의무 불이행,단일로,화물차,보행자
2016060123,20,야간,수,1,0,0,충남,서산시,차대사람,횡단중,과속,교차로,승용차,보행자
2016060308,5,주간,금,1,1,0,전북,군산시,차대차,측면직각충돌,안전운전 의무 불이행,단일로,승용차,원동기장치자전거
2016060305,50,야간,금,1,0,0,전남,해남군,차대차,측면직각충돌,신호위반,교차로,화물차,이륜차
2016060308,20,주간,금,1,0,0,경남,함안군,차대차,측면직각충돌,부당한 회전,단일로,농기계,특수차
2016050411,45,주간,수,1,1,0,경기,김포시,차대사람,횡단중,안전운전 의무 불이행,교차로,이륜차,보행자
2016050417,50,주간,수,1,0,0,경기,성남시,차량단독,전도전복,안전운전 의무 불이행,단일로,원동기장치자전거,
2016051000,5,야간,화,1,0,0,경북,포항시,차대사람,횡단중,안전운전 의무 불이행,단일로,승용차,보행자
2016051220,0,야간,목,1,0,0,경북,포항시,차대사람,횡단중,안전운전 의무 불이행,교차로,화물차,보행자
2016051117,26,주간,수,1,0,0,서울,서대문구,차대차,측면직각충돌,안전운전 의무 불이행,단일로,승합차,자전거
2016062521,0,야간,토,1,0,0,전북,익산시,차대사람,횡단중,안전운전 의무 불이행,단일로,승용차,보행자
2016062613,0,주간,일,1,0,0,경기,화성시,차대차,정면충돌,교차로 통행방법 위반,교차로,승용차,이륜차
2016063007,0,주간,목,1,0,1,전남,순천시,차대차,측면직각충돌,신호위반,교차로,승용차,건설기계
2016063022,10,야간,목,1,0,0,전북,익산시,차대사람,기타,안전운전 의무 불이행,교차로,승용차,보행자
2016063015,20,주간,목,1,0,0,전북,정읍시,차대차,진행중 추돌,안전거리 미확보,교차로,자전거,화물차
2016062904,38,야간,수,1,0,0,충남,서산시,차대사람,횡단중,안전운전 의무 불이행,단일로,승용차,보행자
2016070423,38,야간,월,1,0,0,서울,서초구,차대사람,기타,안전운전 의무 불이행,단일로,승용차,보행자
2016070409,5,주간,월,1,0,0,충북,음성군,차대차,측면직각충돌,중앙선 침범,단일로,화물차,자전거
2016070314,30,주간,일,2,2,0,경기,포천시,차대차,정면충돌,중앙선 침범,단일로,승용차,승용차
2016070312,30,주간,일,1,0,0,경남,김해시,차대차,측면직각충돌,안전운전 의무 불이행,교차로,자전거,승용차
2016070820,26,야간,금,1,0,0,경북,상주시,차대차,진행중 추돌,안전운전 의무 불이행,단일로,승합차,농기계
2016070901,10,야간,토,1,0,0,경기,이천시,차대차,진행중 추돌,안전운전 의무 불이행,교차로,원동기장치자전거,승용차
2016070903,0,야간,토,1,0,0,경기,부천시,차대차,측면직각충돌,신호위반,교차로,화물차,이륜차
2016070911,10,주간,토,1,0,0,인천,부평구,차대차,측면직각충돌,안전운전 의무 불이행,단일로,승용차,자전거
2016070811,50,주간,금,1,0,0,충북,충주시,차대차,기타,안전운전 의무 불이행,교차로,원동기장치자전거,화물차
2016070623,45,야간,수,1,0,0,울산,남구,차대사람,기타,안전운전 의무 불이행,단일로,승용차,보행자
2016070718,35,야간,목,1,0,0,전남,나주시,차량단독,전도전복,안전운전 의무 불이행,단일로,농기계,
2016082220,38,야간,월,1,0,0,제주,제주시,차대사람,횡단중,안전운전 의무 불이행,교차로,승합차,보행자
2016082218,10,야간,월,1,0,1,경기,양주시,차대차,측면직각충돌,안전운전 의무 불이행,교차로,원동기장치자전거,화물차
2016082123,51,야간,일,1,0,0,부산,금정구,차대사람,기타,안전운전 의무 불이행,기타/불명,승용차,보행자
2016082710,55,주간,토,1,0,0,경남,창원시(통합),차대차,기타,안전운전 의무 불이행,단일로,원동기장치자전거,승용차
2016091212,44,주간,월,2,1,0,경북,경주시,차대차,기타,중앙선 침범,교차로,승용차,화물차
2016090905,35,야간,금,1,0,0,전북,정읍시,차대차,측면직각충돌,과속,교차로,승용차,자전거
2016091412,55,주간,수,1,0,0,강원,양구군,차량단독,공작물충돌,안전운전 의무 불이행,단일로,이륜차,
2016071800,5,야간,월,1,0,0,서울,강서구,차대차,측면직각충돌,신호위반,교차로,원동기장치자전거,승용차
2016071907,0,주간,화,1,0,0,강원,횡성군,차량단독,전도전복,안전운전 의무 불이행,단일로,농기계,
2016072403,0,야간,일,1,0,0,경기,이천시,차량단독,공작물충돌,안전운전 의무 불이행,교차로,승용차,
2016072405,28,야간,일,1,1,0,충남,천안시,차량단독,전도전복,안전운전 의무 불이행,교차로,이륜차,
2016072421,50,야간,일,1,0,0,부산,동구,차대사람,기타,중앙선 침범,단일로,승용차,보행자
2016072301,10,야간,토,1,0,0,경북,경주시,차대사람,기타,안전운전 의무 불이행,교차로,승용차,보행자
2016072220,44,야간,금,1,0,0,대구,달서구,차대사람,횡단중,보행자 보호의무 위반,단일로,승용차,보행자
2016072711,50,주간,수,1,1,0,전북,익산시,차대차,진행중 추돌,안전운전 의무 불이행,교차로,화물차,화물차
2016072611,35,주간,화,1,1,1,충남,태안군,차대차,측면직각충돌,직진 및 우회전차의 통행방해,교차로,승용차,건설기계
2016072707,16,주간,수,1,0,0,대구,북구,차대사람,기타,보행자 보호의무 위반,단일로,승용차,보행자
2016073120,0,야간,일,1,0,0,전남,광양시,차대차,측면직각충돌,신호위반,교차로,이륜차,승용차
2016080115,0,주간,월,1,0,0,경남,합천군,차량단독,공작물충돌,안전운전 의무 불이행,단일로,화물차,
2016073106,17,주간,일,1,0,0,부산,진구,차대사람,기타,안전운전 의무 불이행,단일로,화물차,보행자
2016073100,20,야간,일,1,1,0,서울,서초구,차량단독,공작물충돌,과속,기타/불명,승용차,
2016080412,55,주간,목,1,0,0,전북,군산시,차량단독,전도전복,안전운전 의무 불이행,단일로,자전거,
2016080916,10,주간,화,1,0,0,경북,의성군,차대차,측면직각충돌,교차로 통행방법 위반,교차로,승용차,이륜차
2016081414,12,주간,일,1,8,18,전남,여수시,차대차,정면충돌,안전운전 의무 불이행,단일로,화물차,승용차
2016081622,0,야간,화,1,1,0,경기,남양주시,차대차,측면직각충돌,신호위반,교차로,승용차,이륜차
2016082101,14,야간,일,1,1,0,충남,예산군,차량단독,전도전복,안전운전 의무 불이행,단일로,승용차,
2016081907,0,주간,금,1,0,0,충남,서산시,차대차,정면충돌,중앙선 침범,단일로,승용차,건설기계
2016082822,45,야간,일,1,0,0,서울,성북구,차량단독,공작물충돌,안전운전 의무 불이행,단일로,승합차,
2016082603,32,야간,금,1,0,0,서울,도봉구,차대사람,횡단중,과속,단일로,승용차,보행자
2016082616,30,주간,금,1,0,0,부산,연제구,차대차,기타,차로위반(진로변경 위반),교차로,승용차,원동기장치자전거
2016091512,0,주간,목,1,1,0,경남,밀양시,차량단독,공작물충돌,안전운전 의무 불이행,단일로,승용차,
2016091706,25,주간,토,1,0,0,부산,사상구,차대차,측면직각충돌,안전거리 미확보,단일로,승용차,화물차
2016091723,0,야간,토,1,0,0,인천,남구,차대사람,기타,안전운전 의무 불이행,단일로,승용차,보행자
2016072804,25,야간,목,1,0,0,충북,청주시,차량단독,전도전복,안전운전 의무 불이행,단일로,농기계,
2016080412,18,주간,목,1,0,0,경북,경주시,차대차,측면직각충돌,안전운전 의무 불이행,단일로,원동기장치자전거,승용차
2016080411,30,주간,목,1,4,1,경기,용인시,차대사람,기타,기타(운전자법규위반),단일로,승합차,보행자
2016080210,30,주간,화,1,0,0,전북,장수군,차량단독,전도전복,안전운전 의무 불이행,기타/불명,농기계,
2016080908,45,주간,화,1,0,0,전남,나주시,차대차,측면직각충돌,교차로 통행방법 위반,교차로,화물차,원동기장치자전거
2016080915,10,주간,화,1,0,0,전북,김제시,차대차,측면직각충돌,직진 및 우회전차의 통행방해,교차로,원동기장치자전거,건설기계
2016080821,3,야간,월,1,0,0,전남,목포시,차대사람,횡단중,안전운전 의무 불이행,단일로,승용차,보행자
2016080703,0,야간,일,1,0,0,강원,횡성군,차량단독,기타,기타(운전자법규위반),단일로,화물차,
2016080614,30,주간,토,1,0,0,충북,괴산군,차대차,진행중 추돌,안전운전 의무 불이행,단일로,승용차,이륜차
2016112117,20,주간,월,1,0,0,경기,화성시,차대차,진행중 추돌,안전운전 의무 불이행,단일로,화물차,건설기계
2016112310,55,주간,수,1,1,0,경북,영천시,차대차,진행중 추돌,안전운전 의무 불이행,단일로,화물차,화물차
2016112322,50,야간,수,1,0,1,광주,광산구,차대차,진행중 추돌,안전운전 의무 불이행,단일로,승용차,화물차
2016112413,0,주간,목,1,0,0,서울,영등포구,차대차,측면직각충돌,안전운전 의무 불이행,교차로,건설기계,자전거
2016110213,35,주간,수,1,0,1,서울,동작구,차대차,진행중 추돌,안전운전 의무 불이행,교차로,화물차,승합차
2016103020,37,야간,일,1,0,0,경북,안동시,차대사람,횡단중,안전운전 의무 불이행,단일로,승용차,보행자
2016110418,15,야간,금,1,0,0,경남,진주시,차대사람,횡단중,안전운전 의무 불이행,단일로,승용차,보행자
2016110203,5,야간,수,1,0,0,충북,청주시,차량단독,공작물충돌,안전운전 의무 불이행,단일로,이륜차,
2016120720,46,야간,수,1,0,1,경북,영덕군,차대차,측면직각충돌,부당한 회전,교차로,화물차,승용차
2016121021,17,야간,토,1,0,0,경기,이천시,차대사람,횡단중,안전운전 의무 불이행,단일로,승용차,보행자
2016121003,48,야간,토,1,0,0,울산,남구,차대사람,횡단중,안전운전 의무 불이행,단일로,승용차,보행자
2016120721,15,야간,수,1,0,0,부산,진구,차대사람,횡단중,안전운전 의무 불이행,단일로,승용차,보행자
2016122718,40,야간,화,1,0,0,전남,순천시,차대사람,횡단중,안전운전 의무 불이행,교차로,승용차,보행자
2016122116,5,주간,수,1,0,0,경남,고성군,차량단독,공작물충돌,안전운전 의무 불이행,단일로,승용차,
2016122115,35,주간,수,1,0,0,전남,무안군,차대사람,길가장자리구역통행중,안전운전 의무 불이행,단일로,승용차,보행자
2016122311,10,주간,금,1,0,0,경기,고양시,차대사람,차도통행중,안전운전 의무 불이행,단일로,화물차,보행자
2016100219,12,야간,일,1,0,0,충남,청양군,차대사람,기타,안전운전 의무 불이행,단일로,승용차,보행자
2016110619,25,야간,일,1,0,2,서울,강북구,차대사람,횡단중,안전운전 의무 불이행,단일로,승용차,보행자
2016111100,55,야간,금,1,0,0,경북,영덕군,차량단독,공작물충돌,안전운전 의무 불이행,단일로,승용차,
2016110718,0,야간,월,1,0,0,경남,사천시,차대사람,횡단중,안전운전 의무 불이행,교차로,화물차,보행자
2016111215,2,주간,토,1,0,0,서울,관악구,차대사람,기타,안전운전 의무 불이행,단일로,승용차,보행자
2016111205,44,야간,토,1,2,0,대구,달서구,차대차,측면직각충돌,신호위반,교차로,이륜차,승용차
2016111213,50,주간,토,1,0,0,경남,밀양시,차대차,측면직각충돌,안전운전 의무 불이행,단일로,승용차,이륜차
2016110918,25,야간,수,1,0,0,충남,보령시,차대사람,차도통행중,안전운전 의무 불이행,단일로,승용차,보행자
2016110606,15,주간,일,1,0,0,전남,무안군,차대사람,기타,기타(운전자법규위반),단일로,승용차,보행자
2016111714,45,주간,목,1,0,0,경북,안동시,차대차,진행중 추돌,안전운전 의무 불이행,단일로,화물차,자전거
2016111606,0,주간,수,1,0,0,강원,동해시,차대차,측면직각충돌,안전운전 의무 불이행,단일로,승용차,화물차
2016112600,10,야간,토,1,0,0,경남,김해시,차량단독,공작물충돌,안전운전 의무 불이행,단일로,승용차,