발생년월일시,발생분,주야,요일,사망자수,중상자수,경상자수,발생지시도,발생지시군구,사고유형_대분류,사고유형,법규위반,도로형태_대분류,당사자종별_1당_대분류,당사자종별_2당_대분류
2016012810,40,주간,목,1,0,0,전북,임실군,차대차,측면직각충돌,안전운전 의무 불이행,교차로,화물차,화물차
2016020312,50,주간,수,1,0,0,경북,김천시,차대차,측면직각충돌,안전운전 의무 불이행,교차로,화물차,이륜차
2016020205,50,야간,화,1,0,0,부산,수영구,차대사람,횡단중,안전운전 의무 불이행,단일로,승용차,보행자
2016020121,0,야간,월,1,0,0,경북,경주시,차대사람,횡단중,안전운전 의무 불이행,단일로,승용차,보행자
2016020307,40,주간,수,1,0,0,경남,창원시(통합),차대차,측면직각충돌,신호위반,교차로,이륜차,승용차
2016021016,1,주간,수,1,0,3,충남,예산군,차대차,측면직각충돌,신호위반,교차로,승용차,승용차
2016020605,24,야간,토,1,0,1,경북,포항시,차대차,진행중 추돌,안전운전 의무 불이행,교차로,승용차,화물차
2016020602,45,야간,토,1,1,0,광주,서구,차대사람,횡단중,과속,교차로,승용차,보행자
2016020506,48,주간,금,1,0,0,경기,부천시,차대사람,횡단중,안전운전 의무 불이행,단일로,승용차,보행자
2016062221,21,야간,수,1,0,1,충북,영동군,차대차,진행중 추돌,안전운전 의무 불이행,단일로,화물차,화물차
2016062213,5,주간,수,2,2,2,충북,보은군,차대차,진행중 추돌,안전운전 의무 불이행,단일로,특수차,화물차
2016092122,35,야간,수,1,2,0,전북,김제시,차량단독,공작물충돌,안전운전 의무 불이행,단일로,승용차,
2016100116,7,주간,토,1,3,4,경북,문경시,차대차,진행중 추돌,안전운전 의무 불이행,단일로,건설기계,화물차
2016110210,10,주간,수,1,1,1,충북,청주시,차대차,진행중 추돌,안전운전 의무 불이행,단일로,승용차,화물차
2016030306,25,주간,목,1,0,0,경기,광명시,차대차,진행중 추돌,안전운전 의무 불이행,단일로,승용차,건설기계
2016011502,44,야간,금,1,0,0,경기,평택시,차대차,측면직각충돌,안전운전 의무 불이행,단일로,승합차,승용차
2016022706,30,주간,토,1,1,4,경기,이천시,차대차,측면직각충돌,과속,단일로,승용차,승합차
2016020704,33,야간,일,1,0,7,인천,연수구,차대차,진행중 추돌,안전운전 의무 불이행,단일로,승용차,승용차
2016040410,55,주간,월,1,0,0,인천,남구,차대차,진행중 추돌,안전운전 의무 불이행,단일로,화물차,화물차
2016032117,15,주간,월,1,0,0,전북,남원시,차량단독,전도전복,안전운전 의무 불이행,교차로,농기계,
2016101401,27,야간,금,1,0,0,대구,북구,차량단독,공작물충돌,안전운전 의무 불이행,단일로,승용차,
2016022406,40,주간,수,1,0,1,경남,함안군,차대차,진행중 추돌,안전운전 의무 불이행,단일로,화물차,화물차
2016011114,0,주간,월,1,0,6,전남,무안군,차대차,진행중 추돌,안전운전 의무 불이행,단일로,승합차,승용차
2016050409,40,주간,수,1,0,0,충남,당진시,차대차,진행중 추돌,안전운전 의무 불이행,단일로,화물차,화물차
2016111204,10,야간,토,2,2,1,충남,천안시,차대차,기타,신호위반,기타/불명,화물차,화물차
2016100503,18,야간,수,1,1,3,경기,성남시,차대차,기타,안전운전 의무 불이행,단일로,화물차,승용차
2016071920,17,야간,화,1,0,0,충남,서산시,차대차,진행중 추돌,안전거리 미확보,단일로,화물차,화물차
2016050711,34,주간,토,1,3,7,충남,논산시,차대차,진행중 추돌,안전운전 의무 불이행,기타/불명,승용차,승용차
2016031114,27,주간,금,1,4,5,경북,문경시,차대차,진행중 추돌,안전거리 미확보,단일로,승용차,승용차
2016060313,10,주간,금,1,1,2,대구,북구,차대차,진행중 추돌,안전운전 의무 불이행,단일로,화물차,화물차
2016091200,40,야간,월,1,1,1,대전,동구,차대차,정면충돌,중앙선 침범,단일로,화물차,승용차
2016090415,53,주간,일,1,1,1,경남,김해시,차량단독,공작물충돌,안전운전 의무 불이행,단일로,화물차,
2016072204,46,야간,금,1,0,0,충북,영동군,차대차,진행중 추돌,안전운전 의무 불이행,단일로,화물차,화물차
2016083002,20,야간,화,1,0,1,경북,칠곡군,차대차,진행중 추돌,안전운전 의무 불이행,단일로,화물차,화물차
2016052800,28,야간,토,1,0,0,경기,화성시,차대차,기타,안전운전 의무 불이행,단일로,승용차,화물차
2016063002,30,야간,목,2,1,1,경기,평택시,차대차,기타,안전운전 의무 불이행,단일로,화물차,화물차
2016061501,15,야간,수,1,0,1,경기,화성시,차대차,진행중 추돌,안전운전 의무 불이행,단일로,승용차,화물차
2016060206,6,주간,목,1,0,4,인천,남구,차대차,진행중 추돌,안전운전 의무 불이행,기타/불명,화물차,화물차
2016051200,28,야간,목,1,0,4,충북,충주시,차대차,정면충돌,안전운전 의무 불이행,단일로,화물차,화물차
2016051609,45,주간,월,4,2,0,경남,함안군,차대차,진행중 추돌,안전거리 미확보,단일로,승합차,승합차
2016100803,10,야간,토,1,0,0,충북,청주시,차대차,진행중 추돌,안전운전 의무 불이행,단일로,화물차,화물차
2016090914,28,주간,금,1,1,0,경기,안산시,차대차,진행중 추돌,안전운전 의무 불이행,단일로,화물차,승용차
2016062013,25,주간,월,1,0,0,경북,칠곡군,차대차,기타,안전운전 의무 불이행,단일로,화물차,화물차
2016051604,45,야간,월,1,0,0,경남,양산시,차량단독,공작물충돌,안전운전 의무 불이행,단일로,승용차,
2016051823,25,야간,수,1,0,0,충북,단양군,차량단독,공작물충돌,안전운전 의무 불이행,단일로,화물차,
2016010217,50,주간,토,1,2,0,충남,논산시,차량단독,공작물충돌,안전운전 의무 불이행,단일로,승용차,
2016010911,40,주간,토,2,0,0,경기,파주시,차대차,측면직각충돌,신호위반,교차로,승용차,화물차
2016010800,20,야간,금,1,0,0,서울,마포구,차량단독,공작물충돌,안전운전 의무 불이행,단일로,이륜차,
2016010621,15,야간,수,1,0,2,경기,용인시,차대차,측면직각충돌,중앙선 침범,단일로,승용차,승합차
2016010704,50,야간,목,1,0,0,경북,안동시,차대사람,횡단중,안전운전 의무 불이행,교차로,승용차,보행자
2016011205,40,야간,화,1,0,0,경기,군포시,차대사람,횡단중,안전운전 의무 불이행,교차로,승용차,보행자
2016011721,50,야간,일,1,2,0,충북,보은군,차대차,기타,안전운전 의무 불이행,단일로,승용차,화물차
2016011805,20,야간,월,1,0,0,경기,포천시,차대차,측면직각충돌,안전운전 의무 불이행,단일로,원동기장치자전거,화물차
2016011602,5,야간,토,1,0,0,부산,금정구,차량단독,공작물충돌,안전운전 의무 불이행,단일로,승용차,
2016011523,30,야간,금,1,0,0,전남,보성군,차량단독,전도전복,안전운전 의무 불이행,단일로,승용차,
2016012118,40,야간,목,1,0,2,전남,여수시,차대차,정면충돌,중앙선 침범,단일로,승용차,승용차
2016012118,5,야간,목,1,0,0,경북,울진군,차대사람,횡단중,안전운전 의무 불이행,단일로,승용차,보행자
2016052810,9,주간,토,1,0,0,경기,광주시,차대차,진행중 추돌,안전운전 의무 불이행,단일로,화물차,건설기계
2016052217,46,주간,일,1,3,1,경기,안양시,차대사람,차도통행중,안전운전 의무 불이행,단일로,승합차,보행자
2016111506,21,주간,화,1,0,1,충남,천안시,차대차,기타,안전운전 의무 불이행,단일로,화물차,화물차
2016010422,50,야간,월,1,0,0,경북,경주시,차대사람,횡단중,안전운전 의무 불이행,단일로,특수차,보행자
2016010410,30,주간,월,1,0,0,경기,파주시,차대차,측면직각충돌,안전거리 미확보,단일로,자전거,화물차
2016010111,5,주간,금,1,0,0,전남,화순군,차대차,측면직각충돌,신호위반,교차로,원동기장치자전거,승용차
2016010114,20,주간,금,1,0,1,전남,해남군,차대차,정면충돌,중앙선 침범,단일로,이륜차,승용차
2016010708,30,주간,목,1,2,0,강원,춘천시,차대차,측면직각충돌,중앙선 침범,단일로,승용차,화물차
2016011207,15,주간,화,1,0,0,충남,논산시,차대차,진행중 추돌,안전운전 의무 불이행,단일로,승용차,자전거
2016012106,15,주간,목,1,0,0,경기,안산시,차대사람,횡단중,안전운전 의무 불이행,교차로,화물차,보행자
2016011812,0,주간,월,1,0,0,경북,구미시,차대차,측면직각충돌,안전운전 의무 불이행,교차로,승용차,자전거
2016012421,50,야간,일,1,0,0,강원,속초시,차대사람,횡단중,안전운전 의무 불이행,교차로,승용차,보행자
2016012412,59,주간,일,1,0,0,경남,창원시(통합),차대차,진행중 추돌,안전운전 의무 불이행,교차로,승용차,원동기장치자전거
2016012504,50,야간,월,1,0,0,대구,남구,차대사람,횡단중,안전운전 의무 불이행,교차로,승용차,보행자
2016020119,10,야간,월,1,0,0,충북,청주시,차대사람,기타,안전운전 의무 불이행,기타/불명,승합차,보행자
2016013011,55,주간,토,1,2,1,전남,나주시,차대차,정면충돌,중앙선 침범,단일로,승용차,화물차
2016013100,25,야간,일,1,2,0,전북,정읍시,차량단독,도로이탈 추락,과속,단일로,승용차,
2016013106,20,주간,일,1,2,2,경북,칠곡군,차량단독,전도전복,안전운전 의무 불이행,단일로,승용차,
2016013118,5,야간,일,1,0,0,충남,서천군,차대차,진행중 추돌,안전운전 의무 불이행,단일로,승용차,화물차
2016020513,40,주간,금,1,0,0,경기,파주시,차대사람,기타,안전운전 의무 불이행,단일로,승용차,보행자
2016020601,30,야간,토,1,0,0,경기,성남시,차대사람,횡단중,안전운전 의무 불이행,단일로,승합차,보행자
2016020614,20,주간,토,1,0,0,서울,송파구,차대차,진행중 추돌,안전운전 의무 불이행,지하도로내,화물차,승용차
2016020523,15,야간,금,1,0,0,경기,고양시,차대사람,차도통행중,과속,단일로,승용차,보행자
2016020521,0,야간,금,1,0,0,충남,보령시,차대사람,기타,안전운전 의무 불이행,단일로,화물차,보행자
2016020601,10,야간,토,1,0,0,경기,광주시,차대사람,횡단중,안전운전 의무 불이행,단일로,승용차,보행자
2016020507,0,주간,금,1,0,0,경남,창녕군,차대사람,횡단중,안전운전 의무 불이행,단일로,화물차,보행자
2016020508,25,주간,금,1,0,0,충남,천안시,차대차,기타,신호위반,교차로,건설기계,자전거
2016020708,25,주간,일,1,2,0,경남,고성군,차량단독,공작물충돌,안전운전 의무 불이행,교차로,승용차,
2016020619,58,야간,토,1,0,0,경기,수원시,차대사람,기타,안전운전 의무 불이행,단일로,승용차,보행자
2016020400,50,야간,목,1,0,0,인천,강화군,차대사람,횡단중,안전운전 의무 불이행,단일로,승용차,보행자
2016052015,10,주간,금,1,1,2,경기,광주시,차대차,진행중 추돌,안전운전 의무 불이행,단일로,화물차,승용차
2016010202,40,야간,토,1,0,0,전북,부안군,차대사람,기타,안전운전 의무 불이행,단일로,화물차,보행자
2016011907,0,주간,화,1,0,0,서울,영등포구,차량단독,전도전복,안전운전 의무 불이행,단일로,승용차,
2016011900,44,야간,화,1,0,2,서울,마포구,차대차,정면충돌,안전거리 미확보,단일로,승용차,승용차
2016012517,20,주간,월,1,0,0,서울,노원구,차대사람,횡단중,신호위반,교차로,화물차,보행자
2016012421,15,야간,일,1,0,0,서울,관악구,차대사람,길가장자리구역통행중,안전운전 의무 불이행,단일로,승합차,보행자
2016012320,25,야간,토,1,0,0,경북,김천시,차대사람,차도통행중,안전운전 의무 불이행,단일로,승용차,보행자
2016012907,35,주간,금,1,0,0,경기,화성시,차대사람,횡단중,안전운전 의무 불이행,교차로,화물차,보행자
2016020215,38,주간,화,1,1,0,충남,공주시,차대차,진행중 추돌,안전운전 의무 불이행,단일로,화물차,농기계
2016020321,15,야간,수,1,0,0,충남,서산시,차대사람,횡단중,과속,단일로,승용차,보행자
2016020316,5,주간,수,1,0,0,제주,제주시,차대사람,횡단중,안전운전 의무 불이행,단일로,화물차,보행자
2016020405,25,야간,목,1,1,0,경북,포항시,차량단독,전도전복,안전운전 의무 불이행,단일로,승용차,
2016013120,20,야간,일,1,0,0,경북,경주시,차대차,기타,안전운전 의무 불이행,교차로,승합차,자전거
2016020101,0,야간,월,1,1,0,경기,동두천시,차대차,정면충돌,중앙선 침범,단일로,승용차,승용차
2016013008,11,주간,토,1,0,0,강원,원주시,차량단독,전도전복,안전운전 의무 불이행,교차로,이륜차,
2016011806,0,주간,월,1,1,5,경남,밀양시,차대차,측면직각충돌,안전거리 미확보,단일로,화물차,승용차
2016022204,3,야간,월,1,3,0,강원,평창군,차대차,진행중 추돌,안전운전 의무 불이행,단일로,승용차,승용차
2016120905,50,야간,금,1,2,5,경기,여주시,차대차,측면직각충돌,안전거리 미확보,단일로,화물차,화물차
2016122002,12,야간,화,1,0,0,강원,원주시,차대사람,기타,안전운전 의무 불이행,단일로,승용차,보행자
2016091205,5,야간,월,2,2,0,경기,광주시,차대차,기타,안전운전 의무 불이행,단일로,승용차,승용차
2016011112,10,주간,월,1,0,0,경북,경주시,차대차,진행중 추돌,안전운전 의무 불이행,단일로,특수차,승용차
2016020107,8,주간,월,1,0,1,경북,군위군,차대차,진행중 추돌,안전운전 의무 불이행,단일로,화물차,화물차
2016042003,29,야간,수,1,2,0,전남,장성군,차량단독,기타,안전운전 의무 불이행,단일로,승용차,
2016010412,40,주간,월,1,0,0,경남,창원시(통합),차량단독,공작물충돌,안전운전 의무 불이행,단일로,자전거,
2016010221,53,야간,토,1,0,0,부산,진구,차대사람,기타,안전운전 의무 불이행,단일로,승용차,보행자
2016010320,45,야간,일,1,0,0,세종,세종,차대사람,보도통행중,안전운전 의무 불이행,단일로,승용차,보행자
2016010512,30,주간,화,1,0,0,대전,대덕구,차대사람,횡단중,안전운전 의무 불이행,단일로,화물차,보행자
2016010915,10,주간,토,1,1,0,경남,함양군,차량단독,전도전복,안전운전 의무 불이행,기타/불명,화물차,
2016010702,10,야간,목,1,0,1,부산,수영구,차대차,정면충돌,중앙선 침범,단일로,원동기장치자전거,승용차
2016010521,50,야간,화,1,3,0,경기,고양시,차대차,측면직각충돌,중앙선 침범,단일로,승용차,승용차
2016011406,34,주간,목,1,0,0,전남,목포시,차대사람,횡단중,안전운전 의무 불이행,단일로,승용차,보행자
2016011807,0,주간,월,1,0,0,전남,해남군,차대사람,횡단중,보행자 보호의무 위반,단일로,승합차,보행자
2016011618,20,야간,토,1,0,0,서울,동대문구,차대차,진행중 추돌,안전운전 의무 불이행,단일로,이륜차,화물차
2016011610,50,주간,토,1,0,0,경남,창원시(통합),차대차,정면충돌,안전운전 의무 불이행,교차로,승용차,자전거
2016011912,30,주간,화,1,0,0,인천,서구,차대사람,횡단중,보행자 보호의무 위반,교차로,화물차,보행자
2016011922,25,야간,화,1,2,0,충남,당진시,차대차,정면충돌,중앙선 침범,단일로,화물차,승용차
2016090812,50,주간,목,1,0,3,경북,구미시,차대차,진행중 추돌,안전운전 의무 불이행,단일로,화물차,화물차
2016010219,47,야간,토,1,0,0,경기,남양주시,차대사람,횡단중,신호위반,단일로,승용차,보행자
2016010515,50,주간,화,1,0,0,전남,순천시,차대사람,기타,안전운전 의무 불이행,단일로,화물차,보행자
2016010802,35,야간,금,1,1,0,경북,경주시,차대차,기타,과속,단일로,승용차,승용차
2016010718,3,야간,목,1,0,0,경기,가평군,차대사람,횡단중,안전운전 의무 불이행,단일로,화물차,보행자
2016011306,24,주간,수,1,0,0,경기,수원시,차대차,진행중 추돌,안전운전 의무 불이행,단일로,화물차,화물차
2016011721,20,야간,일,1,0,0,강원,철원군,차대사람,횡단중,안전운전 의무 불이행,단일로,승합차,보행자
2016102412,20,주간,월,1,1,12,경기,용인시,차대차,측면직각충돌,안전운전 의무 불이행,단일로,승합차,승합차
2016051301,45,야간,금,1,0,2,충북,충주시,차대차,진행중 추돌,안전거리 미확보,단일로,화물차,화물차
2016013109,11,주간,일,1,2,0,경북,경주시,차대차,기타,안전운전 의무 불이행,단일로,승합차,승용차
2016013102,18,야간,일,1,1,0,경기,양주시,차대차,정면충돌,중앙선 침범,단일로,승용차,화물차
2016013118,0,야간,일,1,0,0,충북,청주시,차대차,정면충돌,교차로 통행방법 위반,교차로,화물차,이륜차
2016013101,0,야간,일,1,1,0,세종,세종,차량단독,전도전복,안전운전 의무 불이행,단일로,원동기장치자전거,
2016020604,0,야간,토,1,1,0,부산,사하구,차대차,진행중 추돌,안전운전 의무 불이행,단일로,화물차,화물차
2016020511,10,주간,금,1,1,0,대구,달성군,차대차,진행중 추돌,안전운전 의무 불이행,교차로,화물차,건설기계
2016020406,15,주간,목,1,0,0,경기,양주시,차량단독,도로이탈 추락,안전운전 의무 불이행,단일로,승용차,
2016020421,10,야간,목,1,0,0,경기,성남시,차대사람,횡단중,안전운전 의무 불이행,단일로,승용차,보행자
2016020423,40,야간,목,1,0,0,서울,마포구,차량단독,기타,안전운전 의무 불이행,교차로,원동기장치자전거,
2016022622,15,야간,금,1,1,5,충남,서천군,차대차,측면직각충돌,안전운전 의무 불이행,단일로,승용차,화물차
2016012300,38,야간,토,1,0,0,충남,당진시,차량단독,공작물충돌,안전운전 의무 불이행,단일로,승용차,
2016010219,10,야간,토,1,0,0,전북,완주군,차대사람,횡단중,안전운전 의무 불이행,단일로,승용차,보행자
2016010820,30,야간,금,1,0,0,경북,구미시,차대사람,기타,안전운전 의무 불이행,단일로,승용차,보행자
2016010900,40,야간,토,1,0,0,대구,달성군,차량단독,전도전복,안전운전 의무 불이행,단일로,이륜차,
2016010622,7,야간,수,1,1,1,인천,연수구,차대차,측면직각충돌,중앙선 침범,교차로,승용차,승용차
2016011314,45,주간,수,1,0,0,충남,예산군,차대차,측면직각충돌,교차로 통행방법 위반,교차로,이륜차,승용차
2016011210,0,주간,화,1,0,0,전남,진도군,차대차,기타,안전운전 의무 불이행,단일로,화물차,이륜차
2016011019,50,야간,일,1,0,0,충남,천안시,차대차,측면직각충돌,안전운전 의무 불이행,단일로,승용차,승용차
2016011519,8,야간,금,1,0,0,광주,광산구,차대사람,횡단중,안전운전 의무 불이행,단일로,화물차,보행자
2016071402,30,야간,목,1,0,0,경기,의정부시,차량단독,전도전복,안전운전 의무 불이행,단일로,승용차,
2016061900,50,야간,일,1,1,1,경북,예천군,차대차,진행중 추돌,안전운전 의무 불이행,단일로,승용차,화물차
2016070406,30,주간,월,1,0,0,경북,예천군,차량단독,전도전복,안전운전 의무 불이행,단일로,승용차,
2016070116,10,주간,금,1,0,0,전북,남원시,차량단독,공작물충돌,안전운전 의무 불이행,단일로,승용차,
2016020206,40,주간,화,1,0,1,경북,상주시,차대차,진행중 추돌,안전운전 의무 불이행,단일로,화물차,건설기계
2016050711,0,주간,토,1,2,1,경남,김해시,차대차,기타,과속,단일로,화물차,승용차
2016032320,40,야간,수,1,1,0,경북,군위군,차대차,진행중 추돌,안전운전 의무 불이행,단일로,화물차,화물차
2016120306,25,주간,토,1,0,0,경기,하남시,차량단독,전도전복,안전운전 의무 불이행,단일로,승용차,
2016122709,25,주간,화,1,0,0,경북,경산시,차량단독,공작물충돌,안전운전 의무 불이행,단일로,화물차,
2016112600,47,야간,토,1,0,0,경기,광주시,차량단독,전도전복,안전운전 의무 불이행,단일로,특수차,
2016011520,40,야간,금,1,0,0,충남,서산시,차대사람,차도통행중,안전운전 의무 불이행,단일로,화물차,보행자
2016011916,16,주간,화,1,0,0,경기,양평군,차량단독,전도전복,안전운전 의무 불이행,단일로,승용차,
2016011916,0,주간,화,1,0,0,충북,청주시,차량단독,전도전복,안전운전 의무 불이행,단일로,승용차,
2016012318,40,야간,토,1,0,1,충남,보령시,차대차,정면충돌,중앙선 침범,단일로,승용차,화물차
2016012922,0,야간,금,1,0,0,강원,동해시,차량단독,전도전복,안전운전 의무 불이행,단일로,승용차,
2016013003,50,야간,토,1,5,0,서울,영등포구,차대차,측면직각충돌,과속,단일로,승용차,화물차
2016012809,20,주간,목,1,0,0,대전,서구,차대차,진행중 추돌,안전운전 의무 불이행,교차로,화물차,원동기장치자전거
2016020304,5,야간,수,1,0,1,경남,진주시,차량단독,전도전복,안전운전 의무 불이행,단일로,승용차,
2016020710,36,주간,일,2,4,7,경기,평택시,차대차,측면직각충돌,신호위반,교차로,승합차,화물차
2016020515,17,주간,금,1,0,0,서울,관악구,차대사람,기타,안전운전 의무 불이행,교차로,화물차,보행자
2016020505,47,야간,금,1,0,0,서울,은평구,차대사람,기타,보행자 보호의무 위반,교차로,승합차,보행자
2016013112,45,주간,일,1,0,0,경북,김천시,차대사람,횡단중,보행자 보호의무 위반,단일로,승용차,보행자
2016013103,4,야간,일,1,0,0,경북,봉화군,차량단독,공작물충돌,안전운전 의무 불이행,단일로,화물차,
2016030200,5,야간,수,1,0,0,경남,김해시,차대사람,기타,안전운전 의무 불이행,단일로,화물차,보행자
2016012123,35,야간,목,1,1,0,경기,안성시,차대차,진행중 추돌,안전운전 의무 불이행,단일로,화물차,화물차
2016121500,37,야간,목,1,0,0,인천,남구,차대차,진행중 추돌,안전운전 의무 불이행,단일로,화물차,건설기계
2016122604,55,야간,월,1,0,1,경남,산청군,차대차,기타,안전운전 의무 불이행,단일로,승용차,화물차
2016120906,50,주간,금,2,2,0,충남,보령시,차대차,진행중 추돌,안전운전 의무 불이행,단일로,승용차,화물차
2016102718,27,야간,목,2,0,1,경남,김해시,차대차,기타,안전운전 의무 불이행,단일로,화물차,화물차
2016033008,9,주간,수,1,0,0,전남,무안군,차대차,진행중 추돌,안전운전 의무 불이행,단일로,화물차,특수차
2016011604,22,야간,토,2,0,0,대구,수성구,차량단독,전도전복,안전운전 의무 불이행,교차로,원동기장치자전거,
2016012217,56,주간,금,1,3,0,전남,진도군,차대차,정면충돌,중앙선 침범,단일로,승용차,승용차
2016011913,50,주간,화,1,2,13,전북,전주시,차대차,진행중 추돌,안전운전 의무 불이행,지하도로내,승용차,화물차
2016012000,30,야간,수,1,0,0,서울,중구,차대사람,횡단중,안전운전 의무 불이행,단일로,승용차,보행자
2016012608,40,주간,화,1,0,0,인천,강화군,차대사람,보도통행중,안전운전 의무 불이행,단일로,승용차,보행자
2016012213,35,주간,금,1,0,0,경남,김해시,차량단독,전도전복,안전운전 의무 불이행,단일로,원동기장치자전거,
2016012211,15,주간,금,1,0,0,서울,금천구,차대사람,횡단중,안전운전 의무 불이행,교차로,화물차,보행자
2016012710,50,주간,수,1,0,0,전북,전주시,차대사람,횡단중,보행자 보호의무 위반,단일로,승용차,보행자
2016012709,10,주간,수,1,0,0,경기,남양주시,차량단독,전도전복,안전운전 의무 불이행,단일로,승용차,
2016020218,20,야간,화,1,0,0,경기,고양시,차대사람,횡단중,안전운전 의무 불이행,단일로,승용차,보행자
2016020304,46,야간,수,1,0,0,광주,광산구,차대사람,횡단중,안전운전 의무 불이행,단일로,승용차,보행자
2016020606,35,주간,토,1,0,0,서울,은평구,차대사람,횡단중,안전운전 의무 불이행,교차로,승용차,보행자
2016020321,15,야간,수,1,0,0,경기,수원시,차대차,진행중 추돌,안전운전 의무 불이행,단일로,화물차,화물차
2016013008,56,주간,토,1,2,1,충북,옥천군,차대차,진행중 추돌,안전운전 의무 불이행,단일로,화물차,승용차
2016022300,45,야간,화,3,0,0,전북,전주시,차대차,측면직각충돌,기타(운전자법규위반),단일로,화물차,승용차
2016052621,15,야간,목,1,0,1,경남,창녕군,차대차,진행중 추돌,안전운전 의무 불이행,단일로,화물차,화물차
2016051210,36,주간,목,1,1,1,경북,칠곡군,차대차,진행중 추돌,안전운전 의무 불이행,단일로,화물차,승용차
2016013010,2,주간,토,2,0,1,충북,충주시,차대차,진행중 추돌,안전거리 미확보,기타/불명,화물차,화물차
2016022104,50,야간,일,1,0,0,충남,천안시,차대차,기타,안전운전 의무 불이행,단일로,승용차,승용차
2016042002,25,야간,수,1,0,0,전북,정읍시,차량단독,공작물충돌,안전운전 의무 불이행,단일로,승용차,
2016042510,40,주간,월,1,1,0,경남,진주시,차량단독,전도전복,안전운전 의무 불이행,단일로,승용차,
2016081605,0,야간,화,1,0,1,경남,창녕군,차대차,기타,안전운전 의무 불이행,단일로,화물차,화물차
2016010118,25,야간,금,1,0,0,경북,영천시,차대사람,기타,안전운전 의무 불이행,단일로,승용차,화물차
2016010223,20,야간,토,1,1,0,제주,제주시,차량단독,공작물충돌,안전운전 의무 불이행,단일로,승용차,
2016010720,35,야간,목,1,0,0,전남,영광군,차대차,진행중 추돌,안전운전 의무 불이행,단일로,승용차,원동기장치자전거
2016010615,42,주간,수,1,0,0,광주,서구,차량단독,전도전복,안전운전 의무 불이행,단일로,이륜차,
2016011219,40,야간,화,1,2,3,경남,창원시(통합),차대차,진행중 추돌,안전운전 의무 불이행,단일로,승용차,이륜차
2016011204,30,야간,화,1,3,0,전남,광양시,차대차,진행중 추돌,안전운전 의무 불이행,단일로,원동기장치자전거,승합차
2016011022,50,야간,일,1,0,0,전북,완주군,차량단독,전도전복,안전운전 의무 불이행,단일로,원동기장치자전거,
2016011722,47,야간,일,2,0,0,제주,서귀포시,차대차,진행중 추돌,안전운전 의무 불이행,단일로,승용차,원동기장치자전거
2016011721,22,야간,일,1,0,1,경북,경주시,차대차,기타,안전운전 의무 불이행,단일로,승용차,자전거
2016011721,38,야간,일,1,0,0,경북,포항시,차대사람,길가장자리구역통행중,안전운전 의무 불이행,단일로,승용차,보행자
2016012208,4,주간,금,1,0,0,강원,고성군,차량단독,전도전복,안전운전 의무 불이행,단일로,승용차,
2016071802,50,야간,월,1,1,0,충남,서천군,차대차,측면직각충돌,안전운전 의무 불이행,단일로,승용차,건설기계
2016010914,30,주간,토,1,0,0,충남,천안시,차대사람,횡단중,안전운전 의무 불이행,교차로,화물차,보행자
2016010515,20,주간,화,1,0,0,전남,무안군,차량단독,도로이탈 추락,안전운전 의무 불이행,단일로,승용차,
2016010706,35,주간,목,1,0,0,인천,남동구,차대사람,횡단중,신호위반,교차로,화물차,보행자
2016010719,2,야간,목,1,0,0,대구,수성구,차대사람,횡단중,안전운전 의무 불이행,단일로,승용차,보행자
2016011301,32,야간,수,1,0,0,경기,파주시,차량단독,공작물충돌,안전운전 의무 불이행,단일로,원동기장치자전거,
2016011620,20,야간,토,1,0,0,충북,제천시,차대차,측면직각충돌,신호위반,교차로,화물차,화물차
2016011619,58,야간,토,1,0,0,인천,연수구,차대사람,횡단중,안전운전 의무 불이행,단일로,승용차,보행자
2016011503,25,야간,금,2,1,0,경기,고양시,차대차,기타,중앙선 침범,단일로,승용차,승용차
2016011521,50,야간,금,1,0,0,경북,성주군,차량단독,공작물충돌,안전운전 의무 불이행,단일로,승용차,
2016011606,0,주간,토,1,0,0,인천,남구,차대사람,횡단중,안전운전 의무 불이행,교차로,승용차,보행자
2016011323,5,야간,수,1,0,1,전북,군산시,차대차,정면충돌,중앙선 침범,단일로,승용차,화물차
2016012009,0,주간,수,1,0,4,충북,청주시,차대차,진행중 추돌,안전운전 의무 불이행,교차로,화물차,화물차