발생년월일시,발생분,주야,요일,사망자수,중상자수,경상자수,발생지시도,발생지시군구,사고유형_대분류,사고유형,법규위반,도로형태_대분류,당사자종별_1당_대분류,당사자종별_2당_대분류
2016012004,20,야간,수,2,0,1,경북,포항시,차대차,진행중 추돌,안전운전 의무 불이행,단일로,승용차,화물차
2016012612,50,주간,화,1,0,0,경기,포천시,차대사람,횡단중,안전운전 의무 불이행,단일로,건설기계,보행자
2016012616,38,주간,화,1,0,0,경남,진주시,차대차,측면직각충돌,신호위반,교차로,승용차,원동기장치자전거
2016012523,20,야간,월,1,0,0,경남,김해시,차대차,측면직각충돌,안전운전 의무 불이행,교차로,화물차,승용차
2016012602,0,야간,화,1,0,0,경기,군포시,차대차,진행중 추돌,안전운전 의무 불이행,교차로,이륜차,특수차
2016012612,10,주간,화,1,0,0,경기,평택시,차대사람,횡단중,보행자 보호의무 위반,단일로,승합차,보행자
2016012902,30,야간,금,1,0,0,대전,유성구,차대차,기타,중앙선 침범,단일로,승용차,화물차
2016020114,40,주간,월,1,1,0,경남,창원시(통합),차대사람,횡단중,안전운전 의무 불이행,단일로,화물차,보행자
2016021109,10,주간,목,1,0,0,전남,강진군,차량단독,기타,안전운전 의무 불이행,단일로,원동기장치자전거,
2016021020,10,야간,수,1,0,0,서울,동대문구,차대사람,길가장자리구역통행중,안전운전 의무 불이행,단일로,승용차,보행자
2016062001,40,야간,월,1,2,0,경기,양주시,차대차,진행중 추돌,안전운전 의무 불이행,단일로,화물차,화물차
2016051721,20,야간,화,1,0,0,경남,사천시,차대차,진행중 추돌,안전운전 의무 불이행,단일로,화물차,화물차
2016051811,50,주간,수,1,0,0,경기,성남시,차대차,기타,안전운전 의무 불이행,단일로,화물차,화물차
2016102406,0,주간,월,1,0,0,경북,김천시,차대차,진행중 추돌,안전운전 의무 불이행,단일로,화물차,화물차
2016101520,38,야간,토,1,0,0,충남,천안시,차량단독,공작물충돌,기타(운전자법규위반),단일로,이륜차,
2016071717,55,주간,일,4,13,26,강원,평창군,차대차,진행중 추돌,안전운전 의무 불이행,단일로,승합차,승용차
2016010715,36,주간,목,2,2,3,인천,중구,차대차,진행중 추돌,안전운전 의무 불이행,단일로,승합차,승용차
2016041517,30,주간,금,1,1,4,충남,천안시,차대차,측면직각충돌,안전운전 의무 불이행,단일로,화물차,승용차
2016012518,10,야간,월,1,0,0,경남,창원시(통합),차량단독,공작물충돌,안전운전 의무 불이행,단일로,화물차,
2016101515,40,주간,토,1,2,0,경북,성주군,차량단독,전도전복,안전운전 의무 불이행,단일로,승용차,
2016111120,12,야간,금,1,0,0,경기,평택시,차대차,기타,안전운전 의무 불이행,단일로,원동기장치자전거,승용차
2016010303,0,야간,일,1,0,0,대구,서구,차대사람,횡단중,안전운전 의무 불이행,단일로,승용차,보행자
2016010300,19,야간,일,1,0,0,대구,달성군,차대사람,횡단중,과속,단일로,승용차,보행자
2016011000,40,야간,일,1,0,0,전북,전주시,차대차,측면직각충돌,안전운전 의무 불이행,교차로,승용차,자전거
2016010902,25,야간,토,1,0,0,경기,광주시,차대사람,횡단중,안전운전 의무 불이행,단일로,승용차,보행자
2016010817,14,주간,금,1,0,1,충남,당진시,차대차,정면충돌,중앙선 침범,단일로,승용차,화물차
2016010604,30,야간,수,1,0,0,충남,천안시,차대차,진행중 추돌,안전운전 의무 불이행,단일로,화물차,화물차
2016010702,15,야간,목,1,1,2,전북,전주시,차대차,측면직각충돌,안전운전 의무 불이행,교차로,승용차,승용차
2016010620,54,야간,수,1,0,0,충남,천안시,차대사람,보도통행중,과속,교차로,승용차,보행자
2016011114,30,주간,월,1,0,0,충북,충주시,차대사람,기타,안전운전 의무 불이행,단일로,화물차,보행자
2016011007,20,주간,일,1,0,0,인천,서구,차량단독,공작물충돌,안전운전 의무 불이행,교차로,승용차,
2016011008,25,주간,일,1,0,0,경북,문경시,차대차,측면직각충돌,안전운전 의무 불이행,단일로,원동기장치자전거,승용차
2016011717,40,주간,일,1,0,0,경북,영천시,차대사람,기타,안전운전 의무 불이행,단일로,승합차,보행자
2016011718,15,야간,일,1,4,0,전남,광양시,차대차,정면충돌,중앙선 침범,교차로,승합차,승용차
2016011619,50,야간,토,1,0,0,충남,천안시,차대사람,횡단중,안전운전 의무 불이행,단일로,화물차,보행자
2016011422,35,야간,목,1,0,0,충북,괴산군,차량단독,공작물충돌,안전운전 의무 불이행,단일로,승용차,
2016012021,38,야간,수,1,0,0,경기,고양시,차대차,정면충돌,중앙선 침범,교차로,승용차,원동기장치자전거
2016012101,0,야간,목,1,0,0,인천,서구,차량단독,공작물충돌,안전운전 의무 불이행,단일로,승용차,
2016012419,38,야간,일,1,0,0,대구,동구,차대사람,횡단중,보행자 보호의무 위반,단일로,승용차,보행자
2016100705,45,야간,금,2,0,1,경기,평택시,차대사람,기타,안전운전 의무 불이행,교차로,승용차,보행자
2016100317,10,주간,월,1,1,0,전남,순천시,차대차,진행중 추돌,안전운전 의무 불이행,단일로,화물차,원동기장치자전거
2016100419,39,야간,화,1,0,0,경북,봉화군,차대사람,기타,안전운전 의무 불이행,단일로,화물차,보행자
2016110523,44,야간,토,1,0,0,경기,용인시,차대차,정면충돌,신호위반,교차로,승용차,이륜차
2016110818,20,야간,화,1,0,0,전남,구례군,차대차,정면충돌,중앙선 침범,단일로,원동기장치자전거,승용차
2016110712,50,주간,월,1,0,0,인천,부평구,차대사람,기타,안전운전 의무 불이행,단일로,승용차,보행자
2016110711,30,주간,월,1,0,0,경남,밀양시,차량단독,도로이탈 추락,안전운전 의무 불이행,단일로,화물차,
2016111106,10,주간,금,1,0,0,경북,영덕군,차대사람,길가장자리구역통행중,안전운전 의무 불이행,단일로,화물차,보행자
2016111701,5,야간,목,2,0,0,경기,시흥시,차대차,측면직각충돌,신호위반,교차로,이륜차,승용차
2016111302,30,야간,일,1,0,0,경기,부천시,차대차,측면직각충돌,신호위반,교차로,이륜차,승용차
2016111721,15,야간,목,1,0,0,경북,칠곡군,차대사람,횡단중,안전운전 의무 불이행,단일로,승용차,보행자
2016111718,15,야간,목,1,0,0,경기,포천시,차대사람,횡단중,보행자 보호의무 위반,단일로,화물차,보행자
2016111512,32,주간,화,1,0,0,전남,나주시,차대차,정면충돌,중앙선 침범,단일로,화물차,이륜차
2016112218,0,야간,화,1,0,0,경기,광주시,차대사람,횡단중,안전운전 의무 불이행,교차로,승용차,보행자
2016112600,5,야간,토,1,0,0,전북,전주시,차량단독,전도전복,안전운전 의무 불이행,단일로,승용차,
2016112301,45,야간,수,1,0,0,충북,청주시,차량단독,전도전복,안전운전 의무 불이행,교차로,승용차,
2016110111,0,주간,화,1,0,0,충남,금산군,차량단독,기타,안전운전 의무 불이행,단일로,원동기장치자전거,
2016102911,10,주간,토,1,0,0,충북,청주시,차량단독,전도전복,안전운전 의무 불이행,단일로,농기계,
2016110318,35,야간,목,1,0,1,전북,군산시,차대차,기타,신호위반,교차로,이륜차,승합차
2016110420,0,야간,금,1,0,0,경남,창녕군,차대사람,횡단중,안전운전 의무 불이행,교차로,승용차,보행자
2016110510,25,주간,토,1,0,0,서울,강서구,차대사람,횡단중,안전운전 의무 불이행,교차로,화물차,보행자
2016110212,45,주간,수,3,6,5,충남,보령시,차대차,정면충돌,신호위반,교차로,승용차,승합차
2016120915,28,주간,금,1,2,0,전북,정읍시,차대차,진행중 추돌,안전운전 의무 불이행,교차로,화물차,건설기계
2016120723,55,야간,수,1,0,0,경기,시흥시,차량단독,공작물충돌,안전운전 의무 불이행,교차로,이륜차,
2016120616,17,주간,화,1,1,1,전북,남원시,차대차,정면충돌,중앙선 침범,단일로,승용차,화물차
2016122018,35,야간,화,1,0,0,경북,영덕군,차대사람,횡단중,안전운전 의무 불이행,단일로,승용차,보행자
2016121718,37,야간,토,1,0,0,경기,양평군,차대차,기타,중앙선 침범,단일로,승용차,원동기장치자전거
2016121313,40,주간,화,1,0,0,경북,구미시,차대사람,횡단중,안전운전 의무 불이행,교차로,건설기계,보행자
2016121511,20,주간,목,1,0,0,충남,예산군,차대차,진행중 추돌,안전운전 의무 불이행,단일로,이륜차,승용차
2016121620,20,야간,금,1,0,0,광주,광산구,차대차,기타,안전운전 의무 불이행,단일로,승합차,승용차
2016121317,45,주간,화,1,0,0,충남,공주시,차대사람,횡단중,안전운전 의무 불이행,교차로,승용차,보행자
2016121300,40,야간,화,1,0,0,강원,양양군,차량단독,공작물충돌,안전운전 의무 불이행,기타/불명,승합차,
2016121606,25,주간,금,1,0,0,부산,사하구,차대차,기타,안전운전 의무 불이행,단일로,승용차,자전거
2016121600,43,야간,금,1,0,0,서울,송파구,차대사람,횡단중,안전운전 의무 불이행,단일로,승용차,보행자
2016110721,50,야간,월,1,0,0,전북,익산시,차대사람,길가장자리구역통행중,안전운전 의무 불이행,단일로,승용차,보행자
2016111118,10,야간,금,1,0,1,경기,용인시,차대차,진행중 추돌,안전운전 의무 불이행,단일로,승용차,건설기계
2016110512,15,주간,토,1,0,0,경기,남양주시,차대사람,횡단중,안전운전 의무 불이행,교차로,승합차,보행자
2016110519,47,야간,토,1,0,0,인천,옹진군,차대사람,횡단중,안전운전 의무 불이행,단일로,승용차,보행자
2016110715,30,주간,월,1,0,0,경북,구미시,차대사람,횡단중,보행자 보호의무 위반,단일로,승용차,보행자
2016111902,38,야간,토,1,1,1,부산,기장군,차대차,측면직각충돌,신호위반,교차로,승용차,승용차
2016111707,45,주간,목,1,0,1,경기,화성시,차대차,측면직각충돌,신호위반,교차로,승용차,이륜차
2016111506,34,주간,화,1,0,0,울산,중구,차대사람,횡단중,안전운전 의무 불이행,단일로,승용차,보행자
2016112420,0,야간,목,1,1,1,경북,경산시,차대사람,횡단중,안전거리 미확보,단일로,이륜차,보행자
2016121713,25,주간,토,1,0,0,대전,대덕구,차대차,기타,신호위반,교차로,자전거,승용차
2016121518,2,야간,목,1,0,0,경기,이천시,차대사람,기타,안전운전 의무 불이행,단일로,승용차,보행자
2016121718,8,야간,토,1,0,0,충남,아산시,차대사람,차도통행중,안전운전 의무 불이행,단일로,승용차,보행자
2016122012,0,주간,화,1,0,0,부산,진구,차량단독,기타,안전운전 의무 불이행,단일로,이륜차,
2016121418,28,야간,수,1,0,0,전북,전주시,차대사람,횡단중,안전운전 의무 불이행,교차로,승용차,보행자
2016121423,45,야간,수,1,0,0,경북,영주시,차대사람,기타,안전운전 의무 불이행,교차로,승용차,보행자
2016121418,20,야간,수,1,0,1,충남,예산군,차대차,기타,안전운전 의무 불이행,단일로,화물차,승용차
2016121711,13,주간,토,1,0,0,경남,김해시,차대사람,횡단중,안전운전 의무 불이행,단일로,건설기계,보행자
2016121312,44,주간,화,1,0,0,경기,파주시,차대차,기타,안전운전 의무 불이행,단일로,원동기장치자전거,화물차
2016100215,15,주간,일,1,1,0,경남,거제시,차량단독,전도전복,안전운전 의무 불이행,단일로,승용차,
2016100623,55,야간,목,1,0,0,충남,아산시,차량단독,전도전복,과속,기타/불명,승용차,
2016100621,27,야간,목,1,0,0,경기,시흥시,차대사람,횡단중,안전운전 의무 불이행,단일로,승용차,보행자
2016110718,50,야간,월,1,0,0,충남,보령시,차대사람,횡단중,안전운전 의무 불이행,단일로,승용차,보행자
2016110901,15,야간,수,1,0,1,서울,관악구,차대사람,기타,안전운전 의무 불이행,단일로,승용차,보행자
2016110704,17,야간,월,1,0,0,대전,유성구,차대사람,기타,안전운전 의무 불이행,교차로,승용차,보행자
2016111702,7,야간,목,1,0,0,경남,김해시,차량단독,전도전복,안전운전 의무 불이행,단일로,이륜차,
2016111523,37,야간,화,1,0,0,전북,김제시,차대사람,차도통행중,안전운전 의무 불이행,단일로,승용차,보행자
2016111804,40,야간,금,1,1,1,부산,해운대구,차대차,진행중 추돌,신호위반,교차로,승용차,승용차
2016112416,10,주간,목,1,0,0,부산,사하구,차대사람,횡단중,안전운전 의무 불이행,교차로,건설기계,보행자
2016112310,59,주간,수,1,0,0,충남,서천군,차대차,측면직각충돌,직진 및 우회전차의 통행방해,교차로,자전거,승용차
2016112011,35,주간,일,1,0,0,경북,영주시,차대차,측면직각충돌,중앙선 침범,단일로,승용차,이륜차
2016112010,0,주간,일,1,0,2,경기,성남시,차량단독,전도전복,안전운전 의무 불이행,단일로,승용차,
2016112408,10,주간,목,1,0,0,경남,창원시(통합),차대사람,횡단중,안전운전 의무 불이행,교차로,승용차,보행자
2016112206,33,주간,화,1,0,0,경북,의성군,차대사람,횡단중,안전운전 의무 불이행,교차로,건설기계,보행자
2016103018,50,야간,일,1,0,0,경북,고령군,차대사람,횡단중,안전운전 의무 불이행,단일로,승용차,보행자
2016110208,40,주간,수,1,0,0,부산,서구,차대사람,차도통행중,안전운전 의무 불이행,단일로,승용차,보행자
2016120507,5,주간,월,1,0,0,울산,중구,차량단독,전도전복,안전운전 의무 불이행,교차로,이륜차,
2016120519,50,야간,월,1,0,0,경기,여주시,차량단독,전도전복,안전운전 의무 불이행,교차로,승용차,
2016121010,0,주간,토,1,0,1,경기,김포시,차대차,정면충돌,안전운전 의무 불이행,단일로,화물차,건설기계
2016121506,50,주간,목,1,0,3,광주,북구,차대차,진행중 추돌,안전운전 의무 불이행,단일로,승용차,화물차
2016121608,15,주간,금,1,0,0,전북,고창군,차대차,측면직각충돌,안전운전 의무 불이행,교차로,건설기계,자전거
2016121807,17,주간,일,1,0,0,서울,강동구,차대사람,기타,안전운전 의무 불이행,단일로,화물차,보행자
2016121310,30,주간,화,1,0,0,전남,영광군,차량단독,전도전복,안전운전 의무 불이행,단일로,이륜차,
2016100219,25,야간,일,1,0,0,인천,서구,차대사람,횡단중,신호위반,단일로,화물차,보행자
2016093011,11,주간,금,1,0,0,경남,통영시,차대사람,횡단중,신호위반,교차로,승용차,보행자
2016111014,55,주간,목,1,0,0,경남,거제시,차량단독,전도전복,안전운전 의무 불이행,단일로,건설기계,
2016110706,30,주간,월,1,0,0,충남,천안시,차대사람,횡단중,안전운전 의무 불이행,단일로,승용차,보행자
2016110721,35,야간,월,1,0,1,광주,동구,차대차,측면직각충돌,신호위반,교차로,승합차,원동기장치자전거
2016110805,30,야간,화,1,0,0,경기,평택시,차대사람,기타,안전운전 의무 불이행,단일로,승용차,보행자
2016110818,15,야간,화,1,0,0,경남,합천군,차대사람,기타,안전운전 의무 불이행,단일로,승용차,보행자
2016110506,0,주간,토,1,1,0,전남,신안군,차대차,측면직각충돌,중앙선 침범,단일로,승용차,승용차
2016110515,35,주간,토,1,0,0,서울,동대문구,차량단독,전도전복,안전운전 의무 불이행,단일로,이륜차,
2016102419,25,야간,월,1,0,0,충남,서천군,차대사람,차도통행중,안전운전 의무 불이행,교차로,승용차,보행자
2016102503,30,야간,화,1,0,0,경기,김포시,차량단독,기타,안전운전 의무 불이행,단일로,화물차,
2016102420,35,야간,월,1,0,0,전북,전주시,차대차,기타,신호위반,교차로,승합차,자전거
2016102811,20,주간,금,1,0,0,서울,용산구,차대사람,횡단중,안전운전 의무 불이행,교차로,승용차,보행자
2016100510,14,주간,수,2,3,2,경기,용인시,차대사람,보도통행중,기타(운전자법규위반),단일로,화물차,보행자
2016100605,17,야간,목,1,0,1,서울,구로구,차대차,정면충돌,중앙선 침범,단일로,이륜차,승용차
2016100201,45,야간,일,1,1,0,강원,동해시,차량단독,공작물충돌,안전운전 의무 불이행,단일로,승용차,
2016091800,47,야간,일,2,2,0,경기,안산시,차대사람,횡단중,과속,교차로,승용차,보행자
2016091816,32,주간,일,1,2,0,서울,중구,차대차,측면직각충돌,안전거리 미확보,교차로,승용차,승용차
2016091502,50,야간,목,1,0,0,경북,청도군,차량단독,공작물충돌,안전운전 의무 불이행,단일로,승용차,
2016091421,40,야간,수,1,0,0,경기,오산시,차대사람,횡단중,안전운전 의무 불이행,단일로,승용차,보행자
2016092003,0,야간,화,2,0,0,전북,완주군,차대차,진행중 추돌,안전운전 의무 불이행,교차로,승용차,화물차
2016092921,40,야간,목,1,0,0,충남,아산시,차대차,진행중 추돌,안전운전 의무 불이행,단일로,승용차,자전거
2016092516,30,주간,일,1,0,0,경기,여주시,차량단독,전도전복,안전운전 의무 불이행,단일로,이륜차,
2016092303,38,야간,금,1,0,0,대구,서구,차량단독,공작물충돌,안전운전 의무 불이행,단일로,이륜차,
2016092500,50,야간,일,1,0,0,경남,창원시(통합),차량단독,전도전복,안전운전 의무 불이행,단일로,승용차,
2016090404,58,야간,일,1,0,0,충남,보령시,차대사람,기타,안전운전 의무 불이행,단일로,승용차,보행자
2016083004,40,야간,화,1,0,0,부산,중구,차량단독,공작물충돌,안전운전 의무 불이행,단일로,이륜차,
2016090300,40,야간,토,1,0,0,경기,용인시,차량단독,공작물충돌,안전운전 의무 불이행,교차로,화물차,
2016090514,14,주간,월,1,0,0,충남,서산시,차량단독,전도전복,안전운전 의무 불이행,단일로,이륜차,
2016083010,30,주간,화,1,0,0,충북,괴산군,차대차,측면직각충돌,안전운전 의무 불이행,단일로,이륜차,화물차
2016090103,57,야간,목,1,0,0,대전,동구,차대사람,횡단중,안전운전 의무 불이행,단일로,화물차,보행자
2016101017,10,주간,월,1,0,0,충남,천안시,차대사람,차도통행중,안전운전 의무 불이행,단일로,승합차,보행자
2016101401,30,야간,금,1,1,0,전남,무안군,차량단독,전도전복,안전운전 의무 불이행,단일로,화물차,
2016100806,30,주간,토,1,3,1,경기,양평군,차대차,기타,안전운전 의무 불이행,단일로,승용차,승용차
2016101317,50,주간,목,1,0,0,경기,평택시,차대차,진행중 추돌,안전운전 의무 불이행,단일로,승용차,승용차
2016101523,30,야간,토,1,0,0,경북,경주시,차대사람,기타,안전운전 의무 불이행,교차로,승용차,승용차
2016101523,38,야간,토,1,0,0,세종,세종,차대사람,기타,안전운전 의무 불이행,기타/불명,승용차,보행자
2016101900,34,야간,수,1,0,0,경기,고양시,차대차,측면직각충돌,신호위반,교차로,승용차,이륜차
2016101613,35,주간,일,1,0,0,울산,중구,차대사람,횡단중,안전운전 의무 불이행,단일로,화물차,보행자
2016101711,10,주간,월,1,0,0,강원,동해시,차대사람,횡단중,안전운전 의무 불이행,단일로,승용차,보행자
2016102320,33,야간,일,1,0,0,전남,나주시,차대사람,차도통행중,안전운전 의무 불이행,단일로,화물차,보행자
2016102506,43,주간,화,1,0,0,인천,중구,차대사람,횡단중,안전운전 의무 불이행,교차로,승합차,보행자
2016102418,20,야간,월,1,0,0,경남,함양군,차대사람,차도통행중,안전운전 의무 불이행,단일로,승용차,보행자
2016102515,33,주간,화,1,0,0,부산,강서구,차대사람,횡단중,신호위반,단일로,승합차,보행자
2016102518,38,야간,화,1,1,0,충북,음성군,차대차,측면직각충돌,안전운전 의무 불이행,교차로,이륜차,화물차
2016102713,0,주간,목,1,0,0,경남,창녕군,차대사람,횡단중,안전운전 의무 불이행,교차로,화물차,보행자
2016102417,51,주간,월,1,0,0,부산,금정구,차대사람,보도통행중,기타(운전자법규위반),단일로,승용차,보행자
2016102118,28,야간,금,1,1,1,전북,정읍시,차대차,진행중 추돌,안전운전 의무 불이행,단일로,화물차,농기계
2016100620,11,야간,목,1,0,0,경북,울릉군,차량단독,전도전복,안전운전 의무 불이행,교차로,이륜차,
2016091405,5,야간,수,1,0,0,대구,수성구,차량단독,전도전복,안전운전 의무 불이행,교차로,승용차,
2016091319,20,야간,화,1,0,0,경북,영주시,차대사람,횡단중,안전운전 의무 불이행,단일로,승용차,보행자
2016091404,40,야간,수,1,0,0,제주,제주시,차량단독,공작물충돌,안전운전 의무 불이행,단일로,이륜차,
2016101718,45,야간,월,1,0,0,경북,영천시,차대사람,횡단중,보행자 보호의무 위반,교차로,원동기장치자전거,보행자
2016101820,5,야간,화,1,0,0,광주,광산구,차대사람,횡단중,안전운전 의무 불이행,교차로,승용차,보행자
2016101813,45,주간,화,1,0,0,전북,진안군,차대사람,횡단중,안전운전 의무 불이행,단일로,화물차,보행자
2016101912,40,주간,수,1,0,0,전남,여수시,차량단독,전도전복,안전운전 의무 불이행,단일로,농기계,
2016102106,5,주간,금,1,0,0,경남,창원시(통합),차량단독,전도전복,안전운전 의무 불이행,단일로,승용차,
2016101910,0,주간,수,1,1,0,충북,청주시,차대차,측면직각충돌,중앙선 침범,단일로,화물차,승용차
2016101420,5,야간,금,1,0,0,경북,영천시,차대사람,횡단중,보행자 보호의무 위반,단일로,승용차,보행자
2016101418,25,야간,금,1,0,3,경기,김포시,차대차,기타,안전운전 의무 불이행,단일로,승용차,원동기장치자전거
2016102700,14,야간,목,1,0,0,강원,원주시,차대사람,횡단중,안전운전 의무 불이행,단일로,승용차,보행자
2016102216,45,주간,토,1,0,1,경기,광명시,차대차,측면직각충돌,신호위반,교차로,승용차,원동기장치자전거
2016100517,50,주간,수,1,1,0,충북,진천군,차대차,정면충돌,중앙선 침범,교차로,원동기장치자전거,화물차
2016100606,14,주간,목,1,0,0,강원,속초시,차대차,측면직각충돌,안전운전 의무 불이행,교차로,자전거,승용차
2016100619,45,야간,목,1,0,3,전남,장흥군,차대차,진행중 추돌,안전운전 의무 불이행,단일로,화물차,화물차
2016100203,50,야간,일,1,2,0,경기,김포시,차대차,측면직각충돌,신호위반,교차로,이륜차,승용차
2016100218,35,야간,일,1,0,0,경남,창녕군,차량단독,기타,안전운전 의무 불이행,단일로,이륜차,
2016100420,0,야간,화,1,0,0,전남,완도군,차량단독,전도전복,안전운전 의무 불이행,단일로,농기계,
2016100419,0,야간,화,1,0,0,경기,부천시,차대차,정면충돌,신호위반,교차로,승용차,이륜차
2016100514,20,주간,수,1,1,0,제주,제주시,차대차,측면직각충돌,직진 및 우회전차의 통행방해,교차로,승용차,화물차
2016100513,5,주간,수,1,2,1,충남,당진시,차대차,진행중 추돌,안전운전 의무 불이행,단일로,승용차,화물차
2016100617,30,주간,목,1,0,0,전북,전주시,차대차,측면직각충돌,안전운전 의무 불이행,단일로,승합차,자전거
2016100621,16,야간,목,1,0,0,경남,고성군,차대사람,횡단중,과속,단일로,승용차,보행자
2016100709,58,주간,금,1,0,0,제주,제주시,차대사람,횡단중,안전운전 의무 불이행,단일로,승합차,보행자
2016092009,30,주간,화,1,0,0,경북,안동시,차량단독,전도전복,안전운전 의무 불이행,단일로,이륜차,
2016091709,35,주간,토,1,0,0,경기,수원시,차대차,기타,신호위반,단일로,승합차,자전거
2016091810,43,주간,일,1,0,1,강원,원주시,차대차,진행중 추돌,안전운전 의무 불이행,단일로,화물차,이륜차
2016091821,1,야간,일,1,0,0,인천,서구,차대사람,기타,안전운전 의무 불이행,단일로,승용차,보행자
2016091600,2,야간,금,1,0,0,경남,고성군,차대사람,횡단중,안전운전 의무 불이행,단일로,승용차,보행자
2016092311,30,주간,금,1,0,0,경남,김해시,차대차,진행중 추돌,안전운전 의무 불이행,단일로,건설기계,이륜차
2016092221,50,야간,목,1,0,0,경기,부천시,차대사람,횡단중,안전운전 의무 불이행,교차로,승용차,보행자
2016092417,51,주간,토,1,0,0,전북,부안군,차량단독,전도전복,안전운전 의무 불이행,단일로,자전거,
2016092708,43,주간,화,1,0,0,전남,나주시,차대차,측면직각충돌,안전운전 의무 불이행,교차로,원동기장치자전거,승합차
2016092322,5,야간,금,1,0,2,광주,동구,차대사람,횡단중,안전운전 의무 불이행,단일로,승용차,보행자
2016092300,50,야간,금,1,0,0,부산,영도구,차대사람,횡단중,안전운전 의무 불이행,단일로,승용차,보행자
2016090510,0,주간,월,1,0,0,서울,중구,차대사람,횡단중,안전운전 의무 불이행,단일로,건설기계,보행자
2016090217,45,주간,금,1,0,0,경북,포항시,차량단독,전도전복,안전운전 의무 불이행,단일로,화물차,
2016090323,35,야간,토,2,0,0,경남,함양군,차량단독,전도전복,안전운전 의무 불이행,단일로,이륜차,
2016090511,55,주간,월,1,0,0,경북,고령군,차대차,측면직각충돌,안전운전 의무 불이행,단일로,승용차,자전거
2016101008,40,주간,월,1,0,0,경기,수원시,차대사람,횡단중,보행자 보호의무 위반,교차로,화물차,보행자
2016101009,20,주간,월,1,0,0,충남,부여군,차대차,측면직각충돌,과속,단일로,승용차,자전거
2016101009,20,주간,월,1,2,0,광주,동구,차대차,기타,과속,교차로,화물차,승용차
2016100915,58,주간,일,1,0,0,전남,광양시,차대차,측면직각충돌,신호위반,교차로,원동기장치자전거,화물차
2016101305,0,야간,목,1,0,0,부산,중구,차대사람,기타,안전운전 의무 불이행,단일로,승용차,보행자
2016112505,23,야간,금,1,0,0,부산,동구,차대사람,횡단중,신호위반,교차로,건설기계,보행자
2016102112,5,주간,금,2,0,0,전남,여수시,차대차,측면직각충돌,신호위반,교차로,이륜차,화물차
2016101906,15,주간,수,2,0,0,충남,논산시,차대차,측면직각충돌,교차로 통행방법 위반,교차로,화물차,이륜차
2016101812,0,주간,화,1,0,0,서울,광진구,차대사람,횡단중,안전운전 의무 불이행,단일로,화물차,보행자
2016101418,40,야간,금,1,0,0,충북,충주시,차대사람,횡단중,안전운전 의무 불이행,단일로,승용차,보행자
2016102718,10,야간,목,1,0,0,전남,해남군,차대사람,횡단중,안전운전 의무 불이행,단일로,승용차,보행자
2016102808,15,주간,금,1,1,0,경북,고령군,차량단독,기타,안전운전 의무 불이행,단일로,화물차,
2016093014,45,주간,금,1,0,0,서울,금천구,차대차,측면직각충돌,안전거리 미확보,단일로,이륜차,승합차
2016093020,10,야간,금,1,0,0,전북,전주시,차대차,기타,안전운전 의무 불이행,교차로,승용차,승용차
2016100509,12,주간,수,1,0,0,서울,광진구,차대사람,횡단중,보행자 보호의무 위반,교차로,화물차,보행자
2016093004,0,야간,금,1,0,0,경기,광주시,차량단독,전도전복,안전운전 의무 불이행,교차로,원동기장치자전거,
2016091909,45,주간,월,1,0,0,경기,고양시,차대차,기타,안전운전 의무 불이행,교차로,건설기계,자전거
2016092022,20,야간,화,1,0,0,울산,중구,차대차,측면직각충돌,신호위반,교차로,승용차,자전거
2016092911,30,주간,목,1,0,0,경기,수원시,차대사람,횡단중,보행자 보호의무 위반,교차로,승합차,보행자
2016092220,5,야간,목,1,0,0,인천,서구,차대차,정면충돌,중앙선 침범,단일로,화물차,승용차
2016092219,10,야간,목,1,0,0,전북,군산시,차대차,측면직각충돌,안전운전 의무 불이행,단일로,승용차,자전거
2016092814,5,주간,수,1,0,0,충남,논산시,차량단독,공작물충돌,안전운전 의무 불이행,단일로,화물차,
2016090108,30,주간,목,1,0,0,전남,담양군,차량단독,전도전복,안전운전 의무 불이행,기타/불명,승용차,
2016090109,50,주간,목,1,0,3,광주,광산구,차대차,측면직각충돌,안전운전 의무 불이행,단일로,화물차,화물차
2016090508,45,주간,월,1,0,0,전북,전주시,차대차,측면직각충돌,안전거리 미확보,단일로,이륜차,승용차