발생년월일시,발생분,주야,요일,사망자수,중상자수,경상자수,발생지시도,발생지시군구,사고유형_대분류,사고유형,법규위반,도로형태_대분류,당사자종별_1당_대분류,당사자종별_2당_대분류
2016090611,37,주간,화,1,0,0,충북,청주시,차대사람,기타,부당한 회전,단일로,화물차,보행자
2016083106,15,주간,수,1,0,0,경기,가평군,차대차,진행중 추돌,안전운전 의무 불이행,교차로,화물차,화물차
2016090415,40,주간,일,3,1,2,충남,아산시,차대차,정면충돌,중앙선 침범,단일로,승용차,승합차
2016090500,22,야간,월,1,0,0,광주,광산구,차대사람,횡단중,안전운전 의무 불이행,단일로,승용차,보행자
2016090511,50,주간,월,1,0,0,대구,남구,차대사람,횡단중,안전운전 의무 불이행,단일로,화물차,보행자
2016090207,20,주간,금,1,0,0,대구,북구,차대사람,횡단중,안전운전 의무 불이행,교차로,승용차,보행자
2016101000,20,야간,월,1,0,0,경북,구미시,차대사람,횡단중,안전운전 의무 불이행,교차로,승용차,보행자
2016101100,45,야간,화,1,0,0,충북,충주시,차대사람,차도통행중,안전운전 의무 불이행,단일로,승용차,보행자
2016101006,8,주간,월,1,0,0,충북,제천시,차대사람,횡단중,안전운전 의무 불이행,기타/불명,화물차,보행자
2016102123,47,야간,금,1,0,0,대전,서구,차대차,측면직각충돌,신호위반,교차로,승용차,이륜차
2016101416,5,주간,금,1,0,0,경남,진주시,차대사람,횡단중,보행자 보호의무 위반,교차로,승용차,보행자
2016102021,34,야간,목,1,0,0,서울,중구,차대사람,횡단중,안전운전 의무 불이행,교차로,승용차,보행자
2016102018,0,야간,목,1,0,0,충북,충주시,차대차,측면직각충돌,안전운전 의무 불이행,교차로,화물차,자전거
2016102015,35,주간,목,1,0,1,전남,신안군,차대차,측면직각충돌,안전운전 의무 불이행,교차로,농기계,화물차
2016101921,50,야간,수,1,0,0,경남,남해군,차대사람,횡단중,안전운전 의무 불이행,단일로,승용차,보행자
2016101604,30,야간,일,1,1,0,경북,성주군,차량단독,공작물충돌,안전운전 의무 불이행,단일로,승용차,
2016102805,59,야간,금,1,1,0,경기,안성시,차대차,기타,중앙선 침범,단일로,승용차,승용차
2016102820,35,야간,금,1,0,0,서울,중랑구,차대사람,횡단중,보행자 보호의무 위반,교차로,승용차,보행자
2016102416,25,주간,월,1,0,1,경기,파주시,차대차,정면충돌,중앙선 침범,단일로,원동기장치자전거,화물차
2016100722,15,야간,금,1,0,0,경기,하남시,차대사람,횡단중,안전운전 의무 불이행,단일로,승용차,보행자
2016100221,59,야간,일,1,0,0,전북,전주시,차대사람,기타,안전운전 의무 불이행,단일로,승용차,보행자
2016100214,47,주간,일,1,0,0,충북,괴산군,차량단독,전도전복,안전운전 의무 불이행,교차로,이륜차,
2016100512,35,주간,수,1,0,0,서울,노원구,차대사람,횡단중,안전운전 의무 불이행,교차로,화물차,보행자
2016111405,53,야간,월,1,0,0,서울,동대문구,차대사람,횡단중,안전운전 의무 불이행,단일로,승용차,보행자
2016100713,30,주간,금,1,0,0,경기,광명시,차대차,측면직각충돌,중앙선 침범,단일로,화물차,이륜차
2016102611,55,주간,수,1,0,0,전남,광양시,차량단독,전도전복,안전운전 의무 불이행,교차로,원동기장치자전거,
2016102706,10,주간,목,1,0,0,경기,평택시,차대사람,기타,안전운전 의무 불이행,단일로,건설기계,보행자
2016092211,30,주간,목,1,0,0,전남,영광군,차대차,측면직각충돌,안전운전 의무 불이행,교차로,자전거,화물차
2016091905,35,야간,월,1,0,0,대전,대덕구,차대사람,횡단중,안전운전 의무 불이행,단일로,승용차,보행자
2016091309,40,주간,화,1,0,2,경북,경산시,차대차,기타,교차로 통행방법 위반,교차로,승용차,승용차
2016091400,46,야간,수,1,0,0,충북,청주시,차대사람,기타,과속,단일로,승용차,보행자
2016091912,0,주간,월,1,0,0,경기,광주시,차대차,측면직각충돌,교차로 통행방법 위반,교차로,승합차,이륜차
2016091917,0,주간,월,1,0,0,경기,부천시,차대차,기타,안전운전 의무 불이행,단일로,자전거,승용차
2016092318,37,야간,금,1,2,0,경북,안동시,차대차,기타,직진 및 우회전차의 통행방해,교차로,승용차,농기계
2016092611,8,주간,월,1,1,0,전북,군산시,차대사람,횡단중,안전운전 의무 불이행,교차로,승용차,보행자
2016092509,50,주간,일,1,0,0,울산,남구,차량단독,전도전복,안전운전 의무 불이행,단일로,자전거,
2016092217,50,주간,목,1,0,0,서울,서초구,차대사람,기타,안전운전 의무 불이행,단일로,승합차,보행자
2016082915,30,주간,월,1,0,0,경기,남양주시,차량단독,전도전복,안전운전 의무 불이행,단일로,자전거,
2016083019,0,야간,화,1,0,0,전남,여수시,차대차,진행중 추돌,안전운전 의무 불이행,단일로,승합차,자전거
2016083117,15,주간,수,1,0,0,경북,문경시,차량단독,전도전복,안전운전 의무 불이행,단일로,승용차,
2016090122,20,야간,목,1,0,2,경남,창녕군,차대차,진행중 추돌,안전운전 의무 불이행,단일로,승용차,승용차
2016101018,55,야간,월,1,0,0,인천,남구,차대사람,횡단중,기타(운전자법규위반),교차로,화물차,보행자
2016101019,30,야간,월,1,0,0,경기,화성시,차대사람,횡단중,안전운전 의무 불이행,단일로,승용차,보행자
2016101111,55,주간,화,1,1,2,인천,강화군,차대차,정면충돌,중앙선 침범,단일로,승용차,승용차
2016101203,17,야간,수,1,0,0,경기,안양시,차대사람,횡단중,안전운전 의무 불이행,교차로,화물차,보행자
2016101512,10,주간,토,1,0,0,충남,천안시,차량단독,전도전복,안전운전 의무 불이행,단일로,이륜차,
2016101613,33,주간,일,1,0,0,대구,달성군,차량단독,전도전복,안전운전 의무 불이행,단일로,화물차,
2016102320,44,야간,일,1,0,0,경기,의정부시,차대사람,기타,안전운전 의무 불이행,단일로,승합차,보행자
2016102518,15,야간,화,1,0,0,경북,영천시,차대사람,횡단중,보행자 보호의무 위반,단일로,화물차,보행자
2016100321,28,야간,월,1,0,0,전북,진안군,차대차,진행중 추돌,안전운전 의무 불이행,단일로,승용차,농기계
2016100600,10,야간,목,1,0,0,충북,제천시,차대사람,기타,안전운전 의무 불이행,단일로,승용차,보행자
2016100610,5,주간,목,1,0,0,대구,북구,차대차,측면직각충돌,안전운전 의무 불이행,교차로,승용차,자전거
2016102501,45,야간,화,1,0,0,경기,수원시,차대사람,차도통행중,안전운전 의무 불이행,단일로,승용차,보행자
2016102418,20,야간,월,1,0,0,경기,시흥시,차대사람,횡단중,신호위반,교차로,화물차,보행자
2016102605,25,야간,수,1,2,1,대구,북구,차대차,정면충돌,중앙선 침범,단일로,승용차,승용차
2016102721,46,야간,목,1,0,0,강원,양양군,차대사람,횡단중,안전운전 의무 불이행,교차로,승용차,보행자
2016102610,45,주간,수,1,0,0,경기,고양시,차량단독,공작물충돌,안전운전 의무 불이행,교차로,이륜차,
2016102709,30,주간,목,1,0,0,경기,안양시,차대사람,횡단중,안전운전 의무 불이행,단일로,승합차,보행자
2016102802,5,야간,금,1,0,0,부산,진구,차대사람,횡단중,안전운전 의무 불이행,단일로,승용차,보행자
2016102723,35,야간,목,1,0,0,경남,창원시(통합),차대차,측면직각충돌,신호위반,교차로,승용차,이륜차
2016091421,20,야간,수,1,0,0,경남,하동군,차대사람,횡단중,안전운전 의무 불이행,단일로,승용차,보행자
2016092007,45,주간,화,1,0,0,전남,장성군,차대차,측면직각충돌,신호위반,교차로,화물차,승용차
2016092904,35,야간,목,1,0,0,경기,의정부시,차대사람,횡단중,신호위반,교차로,승용차,보행자
2016092421,0,야간,토,1,0,0,대구,동구,차대사람,횡단중,신호위반,단일로,화물차,보행자
2016083010,30,주간,화,1,1,0,경북,상주시,차대차,진행중 추돌,안전운전 의무 불이행,단일로,승용차,농기계
2016092014,55,주간,화,1,0,0,서울,금천구,차대사람,기타,안전운전 의무 불이행,교차로,승용차,보행자
2016090121,0,야간,목,1,0,0,서울,동대문구,차대차,진행중 추돌,안전거리 미확보,단일로,자전거,자전거
2016090517,35,주간,월,1,1,0,충북,영동군,차대차,정면충돌,중앙선 침범,단일로,화물차,건설기계
2016090305,48,야간,토,1,0,0,대구,서구,차대사람,횡단중,안전운전 의무 불이행,단일로,승용차,보행자
2016090315,50,주간,토,1,0,0,전남,나주시,차량단독,전도전복,안전운전 의무 불이행,단일로,농기계,
2016101212,33,주간,수,1,0,0,전남,영암군,차대사람,횡단중,과속,교차로,승용차,보행자
2016101200,40,야간,수,1,0,0,강원,원주시,차대사람,횡단중,안전운전 의무 불이행,단일로,승용차,보행자
2016101411,45,주간,금,1,2,1,경기,파주시,차대차,정면충돌,중앙선 침범,단일로,승용차,화물차
2016100902,37,야간,일,1,0,0,부산,중구,차대사람,기타,중앙선 침범,단일로,승용차,보행자
2016101318,40,야간,목,1,0,0,충남,천안시,차대사람,횡단중,안전운전 의무 불이행,단일로,승용차,보행자
2016102004,0,야간,목,1,0,0,서울,서대문구,차대사람,차도통행중,안전운전 의무 불이행,교차로,승용차,보행자
2016101707,20,주간,월,1,0,0,강원,횡성군,차대차,측면직각충돌,안전운전 의무 불이행,교차로,특수차,자전거
2016101806,2,주간,화,1,0,0,서울,용산구,차대사람,횡단중,안전운전 의무 불이행,교차로,승용차,보행자
2016101619,15,야간,일,1,0,0,대구,동구,차대사람,횡단중,보행자 보호의무 위반,교차로,승용차,보행자
2016102205,28,야간,토,1,0,0,경북,성주군,차대사람,기타,안전운전 의무 불이행,단일로,특수차,보행자
2016102300,42,야간,일,1,0,0,서울,성동구,차대사람,횡단중,과속,단일로,승용차,보행자
2016102718,3,야간,목,1,0,0,전북,김제시,차대사람,횡단중,안전운전 의무 불이행,단일로,승합차,보행자
2016102206,20,주간,토,1,0,0,경북,포항시,차대사람,횡단중,안전운전 의무 불이행,단일로,화물차,보행자
2016102220,33,야간,토,1,0,0,경북,구미시,차대사람,횡단중,보행자 보호의무 위반,단일로,승용차,보행자
2016102314,0,주간,일,1,0,0,광주,북구,차대차,기타,안전운전 의무 불이행,단일로,승용차,승용차
2016102418,15,야간,월,1,0,0,경북,상주시,차대차,진행중 추돌,안전운전 의무 불이행,단일로,화물차,농기계
2016102507,45,주간,화,1,0,0,전북,익산시,차대차,측면직각충돌,직진 및 우회전차의 통행방해,교차로,승용차,승용차
2016102703,2,야간,목,1,0,0,경기,김포시,차량단독,전도전복,안전거리 미확보,단일로,이륜차,
2016102822,10,야간,금,1,0,1,경북,울진군,차대차,진행중 추돌,안전운전 의무 불이행,단일로,승용차,승용차
2016091320,35,야간,화,1,0,0,전북,전주시,차대사람,횡단중,안전운전 의무 불이행,단일로,승합차,보행자
2016092105,35,야간,수,1,1,0,경북,안동시,차대사람,횡단중,보행자 보호의무 위반,교차로,승용차,보행자
2016092915,27,주간,목,2,0,0,경기,부천시,차대차,정면충돌,안전운전 의무 불이행,교차로,승용차,이륜차
2016092709,5,주간,화,1,0,1,경북,문경시,차대사람,횡단중,안전운전 의무 불이행,단일로,이륜차,보행자
2016092509,15,주간,일,1,0,0,충북,단양군,차량단독,전도전복,안전운전 의무 불이행,기타/불명,농기계,
2016083113,40,주간,수,1,0,0,충남,아산시,차대사람,횡단중,안전운전 의무 불이행,단일로,승용차,보행자
2016090111,40,주간,목,1,1,0,전남,장흥군,차대차,정면충돌,중앙선 침범,단일로,건설기계,승용차
2016090110,23,주간,목,1,1,0,경북,의성군,차대차,기타,안전운전 의무 불이행,고가도로위,화물차,농기계
2016090416,18,주간,일,1,0,0,전남,고흥군,차대차,정면충돌,안전운전 의무 불이행,단일로,농기계,이륜차
2016083010,15,주간,화,1,0,0,경남,창원시(통합),차대차,측면직각충돌,안전운전 의무 불이행,교차로,이륜차,화물차
2016090602,0,야간,화,1,0,0,인천,남동구,차량단독,공작물충돌,안전운전 의무 불이행,단일로,이륜차,
2016090108,25,주간,목,1,0,0,인천,남동구,차대차,정면충돌,중앙선 침범,단일로,자전거,승용차
2016101007,4,주간,월,1,0,0,전남,신안군,차대차,기타,안전운전 의무 불이행,교차로,화물차,승용차
2016100813,44,주간,토,1,0,0,경북,칠곡군,차대사람,기타,중앙선 침범,단일로,화물차,보행자
2016101412,16,주간,금,1,2,0,세종,세종,차대차,측면직각충돌,부당한 회전,단일로,원동기장치자전거,원동기장치자전거
2016100910,30,주간,일,1,0,0,경남,함양군,차대차,측면직각충돌,교차로 통행방법 위반,단일로,이륜차,승용차
2016101918,15,야간,수,1,0,0,전남,순천시,차대차,기타,중앙선 침범,단일로,원동기장치자전거,승용차
2016102108,15,주간,금,1,0,0,경남,양산시,차대차,진행중 추돌,안전운전 의무 불이행,교차로,화물차,화물차
2016100814,50,주간,토,1,0,0,서울,서대문구,차대사람,횡단중,안전운전 의무 불이행,단일로,승합차,보행자
2016102306,54,주간,일,1,0,0,제주,서귀포시,차대차,측면직각충돌,직진 및 우회전차의 통행방해,교차로,화물차,이륜차
2016102405,19,야간,월,1,0,0,인천,남구,차대차,측면직각충돌,부당한 회전,교차로,자전거,승용차
2016102410,40,주간,월,1,0,0,서울,강서구,차대사람,횡단중,안전운전 의무 불이행,단일로,승용차,보행자
2016102518,27,야간,화,1,0,0,제주,서귀포시,차대사람,횡단중,보행자 보호의무 위반,교차로,승용차,보행자
2016102718,25,야간,목,1,0,0,제주,서귀포시,차대사람,횡단중,안전운전 의무 불이행,단일로,승용차,보행자
2016102415,35,주간,월,1,0,0,전남,장흥군,차량단독,기타,안전운전 의무 불이행,교차로,농기계,
2016102119,20,야간,금,1,0,0,충남,서천군,차대사람,기타,안전운전 의무 불이행,단일로,승용차,보행자
2016102412,38,주간,월,1,0,0,전북,고창군,차량단독,전도전복,안전운전 의무 불이행,단일로,농기계,
2016102607,50,주간,수,1,0,0,경북,예천군,차량단독,도로이탈 기타,안전운전 의무 불이행,단일로,화물차,
2016102115,30,주간,금,1,0,0,경기,포천시,차량단독,전도전복,안전운전 의무 불이행,단일로,이륜차,
2016102123,20,야간,금,1,0,0,경기,화성시,차대사람,횡단중,안전운전 의무 불이행,교차로,승용차,보행자
2016102512,2,주간,화,1,0,0,전북,익산시,차대사람,횡단중,안전운전 의무 불이행,단일로,화물차,보행자
2016102216,50,주간,토,1,0,0,경기,고양시,차대사람,차도통행중,안전운전 의무 불이행,교차로,건설기계,보행자
2016102706,15,주간,목,1,0,0,서울,금천구,차대사람,횡단중,안전운전 의무 불이행,단일로,승합차,보행자
2016102715,53,주간,목,1,0,1,제주,제주시,차대차,진행중 추돌,안전운전 의무 불이행,단일로,화물차,승용차
2016092111,25,주간,수,1,0,0,전남,해남군,차대차,측면직각충돌,중앙선 침범,교차로,승용차,이륜차
2016091815,30,주간,일,1,0,0,전남,함평군,차량단독,전도전복,안전운전 의무 불이행,단일로,이륜차,
2016091815,30,주간,일,1,0,1,충남,홍성군,차대차,측면직각충돌,안전거리 미확보,단일로,이륜차,승용차
2016091401,5,야간,수,1,0,0,제주,제주시,차대사람,기타,안전운전 의무 불이행,단일로,화물차,보행자
2016092001,43,야간,화,1,0,0,경기,수원시,차대차,진행중 추돌,안전운전 의무 불이행,단일로,승용차,화물차
2016091710,0,주간,토,1,0,0,경기,평택시,차대차,측면직각충돌,신호위반,교차로,화물차,승용차
2016092200,50,야간,목,1,1,2,경북,구미시,차량단독,전도전복,안전운전 의무 불이행,단일로,승용차,
2016092622,40,야간,월,1,0,0,경북,포항시,차대차,기타,안전운전 의무 불이행,단일로,승용차,원동기장치자전거
2016092406,3,주간,토,1,0,0,대전,대덕구,차대사람,횡단중,안전운전 의무 불이행,교차로,건설기계,보행자
2016092302,56,야간,금,1,0,2,서울,서대문구,차대사람,횡단중,과속,단일로,승용차,보행자
2016092804,46,야간,수,1,0,0,경북,포항시,차대사람,횡단중,안전운전 의무 불이행,교차로,화물차,보행자
2016090409,10,주간,일,1,0,0,전북,남원시,차대차,측면직각충돌,직진 및 우회전차의 통행방해,교차로,승용차,이륜차
2016090412,40,주간,일,1,0,0,충남,아산시,차량단독,도로이탈 기타,안전운전 의무 불이행,단일로,이륜차,
2016090308,0,주간,토,1,0,0,경기,평택시,차량단독,전도전복,안전운전 의무 불이행,단일로,승용차,
2016090122,0,야간,목,1,0,0,경기,수원시,차대사람,횡단중,안전운전 의무 불이행,단일로,원동기장치자전거,보행자
2016090119,50,야간,목,1,0,0,충북,청주시,차대사람,길가장자리구역통행중,안전운전 의무 불이행,단일로,승용차,보행자
2016090116,30,주간,목,1,0,0,대구,달성군,차대차,진행중 추돌,안전운전 의무 불이행,단일로,화물차,특수차
2016090122,5,야간,목,1,0,0,부산,진구,차대사람,횡단중,안전운전 의무 불이행,단일로,승용차,보행자
2016083010,50,주간,화,1,0,0,충남,보령시,차대사람,횡단중,보행자 보호의무 위반,교차로,화물차,보행자
2016083120,4,야간,수,1,0,0,충남,당진시,차대사람,차도통행중,안전운전 의무 불이행,단일로,화물차,보행자
2016083120,10,야간,수,1,0,0,경북,상주시,차대차,정면충돌,중앙선 침범,교차로,화물차,이륜차
2016101308,45,주간,목,1,0,0,전남,고흥군,차대사람,기타,안전운전 의무 불이행,단일로,화물차,보행자
2016101220,0,야간,수,1,0,0,대구,남구,차대차,진행중 추돌,안전운전 의무 불이행,교차로,화물차,자전거
2016101104,0,야간,화,1,0,0,울산,울주군,차대사람,차도통행중,안전운전 의무 불이행,단일로,승용차,보행자
2016101018,59,야간,월,1,0,0,서울,도봉구,차대차,측면직각충돌,신호위반,교차로,원동기장치자전거,승용차
2016100801,10,야간,토,1,1,0,전북,전주시,차대사람,횡단중,안전운전 의무 불이행,단일로,승용차,보행자
2016100519,30,야간,수,1,0,0,전북,군산시,차대사람,횡단중,보행자 보호의무 위반,단일로,화물차,보행자
2016101306,55,주간,목,1,0,0,전남,담양군,차대차,정면충돌,중앙선 침범,단일로,원동기장치자전거,화물차
2016101000,32,야간,월,1,0,0,대구,동구,차대사람,기타,과속,단일로,승용차,보행자
2016102016,15,주간,목,1,0,0,서울,동작구,차대사람,횡단중,보행자 보호의무 위반,교차로,화물차,보행자
2016102108,57,주간,금,1,0,0,제주,서귀포시,차량단독,전도전복,안전운전 의무 불이행,단일로,승용차,
2016102504,30,야간,화,1,0,0,인천,남동구,차대사람,횡단중,안전운전 의무 불이행,단일로,승용차,보행자
2016102320,30,야간,일,1,0,0,경기,여주시,차대사람,차도통행중,안전운전 의무 불이행,단일로,화물차,보행자
2016102405,34,야간,월,1,0,0,서울,금천구,차대차,측면직각충돌,신호위반,교차로,화물차,자전거
2016102801,0,야간,금,1,0,0,경남,김해시,차량단독,전도전복,안전운전 의무 불이행,단일로,이륜차,
2016102720,30,야간,목,1,0,0,전남,여수시,차대사람,횡단중,안전운전 의무 불이행,단일로,승용차,보행자
2016102406,40,주간,월,1,0,0,제주,제주시,차대차,정면충돌,신호위반,교차로,승용차,이륜차
2016102408,30,주간,월,1,0,0,전북,장수군,차량단독,공작물충돌,안전운전 의무 불이행,단일로,이륜차,
2016100401,48,야간,화,1,0,0,서울,강남구,차대차,기타,신호위반,교차로,승용차,이륜차
2016100708,15,주간,금,1,0,0,경기,평택시,차대차,측면직각충돌,중앙선 침범,단일로,원동기장치자전거,승용차
2016100705,45,야간,금,1,0,0,경남,창원시(통합),차대사람,횡단중,보행자 보호의무 위반,단일로,승용차,보행자
2016091709,57,주간,토,1,0,0,경남,거제시,차량단독,전도전복,안전운전 의무 불이행,기타/불명,승용차,
2016091905,27,야간,월,1,0,0,경남,김해시,차대사람,횡단중,안전운전 의무 불이행,교차로,화물차,보행자
2016091917,20,주간,월,1,0,0,광주,광산구,차대사람,횡단중,보행자 보호의무 위반,교차로,승합차,보행자
2016092622,50,야간,월,1,0,0,충남,홍성군,차대사람,횡단중,보행자 보호의무 위반,단일로,승용차,보행자
2016092811,48,주간,수,1,0,0,광주,광산구,차량단독,공작물충돌,안전운전 의무 불이행,단일로,화물차,
2016092321,0,야간,금,1,0,0,경기,김포시,차대차,측면직각충돌,안전운전 의무 불이행,단일로,화물차,이륜차
2016092719,55,야간,화,1,0,0,부산,사하구,차량단독,공작물충돌,안전운전 의무 불이행,기타/불명,원동기장치자전거,
2016092721,15,야간,화,1,0,0,충남,홍성군,차대사람,횡단중,안전운전 의무 불이행,단일로,승용차,보행자
2016092320,50,야간,금,1,0,0,광주,서구,차대차,기타,안전운전 의무 불이행,단일로,승용차,이륜차
2016090317,15,주간,토,1,0,0,대구,서구,차대사람,횡단중,안전운전 의무 불이행,교차로,승용차,보행자
2016090601,49,야간,화,2,0,0,부산,사상구,차대차,진행중 추돌,안전운전 의무 불이행,단일로,화물차,화물차
2016090508,15,주간,월,1,0,0,전남,구례군,차대차,측면직각충돌,신호위반,교차로,자전거,화물차
2016101017,45,주간,월,1,0,0,인천,강화군,차대차,측면직각충돌,안전운전 의무 불이행,단일로,이륜차,승합차
2016100713,54,주간,금,1,0,0,충남,서산시,차량단독,전도전복,안전운전 의무 불이행,단일로,이륜차,
2016101516,20,주간,토,1,0,0,대구,달성군,차량단독,전도전복,안전운전 의무 불이행,교차로,농기계,
2016101819,20,야간,화,1,0,0,경기,구리시,차대차,측면직각충돌,안전운전 의무 불이행,교차로,승합차,원동기장치자전거
2016102123,6,야간,금,1,1,0,부산,사하구,차대차,기타,안전운전 의무 불이행,단일로,이륜차,화물차
2016102603,0,야간,수,1,1,0,전남,곡성군,차량단독,공작물충돌,안전운전 의무 불이행,교차로,승용차,
2016102300,20,야간,일,1,0,0,충남,공주시,차대사람,횡단중,안전운전 의무 불이행,기타/불명,승용차,보행자
2016100506,0,주간,수,1,0,0,광주,광산구,차대사람,횡단중,안전운전 의무 불이행,교차로,승용차,보행자
2016100701,5,야간,금,1,0,0,인천,남구,차대사람,횡단중,과속,단일로,승용차,보행자
2016093017,5,주간,금,2,0,1,전북,전주시,차대사람,횡단중,보행자 보호의무 위반,교차로,특수차,보행자
2016100217,10,주간,일,1,0,0,제주,제주시,차대차,정면충돌,안전운전 의무 불이행,단일로,이륜차,화물차
2016100419,20,야간,화,1,0,0,경남,합천군,차대사람,횡단중,안전운전 의무 불이행,단일로,승용차,보행자
2016100222,10,야간,일,1,0,0,충북,제천시,차대사람,횡단중,과속,단일로,승용차,보행자
2016100217,35,주간,일,3,2,0,충남,부여군,차대차,측면직각충돌,중앙선 침범,단일로,화물차,승용차
2016083011,10,주간,화,1,0,0,충북,진천군,차대차,기타,안전운전 의무 불이행,단일로,농기계,승용차
2016091615,0,주간,금,1,2,0,전남,담양군,차대차,측면직각충돌,중앙선 침범,교차로,승용차,승용차
2016092201,40,야간,목,2,0,0,충남,태안군,차대차,정면충돌,중앙선 침범,기타/불명,승용차,승용차
2016091909,53,주간,월,1,0,0,강원,동해시,차량단독,기타,안전운전 의무 불이행,단일로,자전거,
2016092811,10,주간,수,1,0,1,전남,고흥군,차대차,측면직각충돌,교차로 통행방법 위반,교차로,화물차,화물차
2016092904,47,야간,목,1,0,1,서울,은평구,차대차,기타,부당한 회전,교차로,자전거,승용차
2016092523,30,야간,일,1,0,0,경기,안산시,차대사람,차도통행중,안전운전 의무 불이행,단일로,승합차,보행자
2016092718,45,야간,화,1,0,0,서울,용산구,차대사람,횡단중,안전운전 의무 불이행,단일로,승용차,보행자
2016092906,35,주간,목,1,1,0,경기,고양시,차량단독,전도전복,안전운전 의무 불이행,단일로,이륜차,
2016092805,55,야간,수,1,0,0,서울,강동구,차대사람,횡단중,안전운전 의무 불이행,단일로,승용차,보행자
2016090323,55,야간,토,1,0,0,경기,안양시,차대차,측면직각충돌,부당한 회전,단일로,자전거,승용차
2016090206,20,주간,금,1,0,0,대전,중구,차대차,측면직각충돌,중앙선 침범,교차로,원동기장치자전거,승용차
2016090420,32,야간,일,1,0,0,경북,포항시,차대사람,횡단중,안전운전 의무 불이행,교차로,승용차,보행자
2016090417,20,주간,일,1,0,0,충남,태안군,차량단독,도로이탈 추락,안전운전 의무 불이행,단일로,이륜차,
2016090113,40,주간,목,1,0,0,경북,성주군,차대사람,기타,안전운전 의무 불이행,기타/불명,화물차,보행자
2016101214,10,주간,수,1,0,1,경북,경산시,차대차,측면직각충돌,안전운전 의무 불이행,교차로,화물차,원동기장치자전거
2016100809,18,주간,토,1,1,0,충남,공주시,차대차,진행중 추돌,안전운전 의무 불이행,단일로,건설기계,화물차
2016100914,50,주간,일,1,0,0,경남,밀양시,차량단독,전도전복,안전운전 의무 불이행,단일로,자전거,
2016101105,20,야간,화,1,0,0,경기,평택시,차대사람,횡단중,안전운전 의무 불이행,단일로,승합차,보행자
2016100808,43,주간,토,1,0,0,경북,예천군,차대차,측면직각충돌,안전운전 의무 불이행,교차로,승용차,원동기장치자전거
2016101612,5,주간,일,1,1,1,전남,화순군,차량단독,전도전복,과속,단일로,승용차,
2016102006,5,주간,목,1,1,1,전북,장수군,차대차,진행중 추돌,과속,단일로,승용차,농기계
2016102103,50,야간,금,1,0,0,인천,서구,차량단독,공작물충돌,안전운전 의무 불이행,교차로,승용차,
2016102020,48,야간,목,1,0,0,인천,서구,차대사람,횡단중,안전운전 의무 불이행,단일로,승용차,보행자
2016101720,18,야간,월,1,0,0,충남,서산시,차대사람,횡단중,과속,단일로,승용차,보행자
2016101621,55,야간,일,1,0,0,충남,천안시,차대차,기타,안전운전 의무 불이행,기타/불명,화물차,승합차
2016100320,10,야간,월,1,0,0,대구,남구,차대사람,기타,안전운전 의무 불이행,단일로,승용차,보행자
2016100505,50,야간,수,1,0,0,강원,원주시,차대사람,기타,안전운전 의무 불이행,단일로,승용차,보행자
2016100322,45,야간,월,1,0,0,전북,전주시,차대차,정면충돌,부당한 회전,교차로,승용차,이륜차
2016100201,30,야간,일,1,0,0,충남,공주시,차량단독,공작물충돌,안전운전 의무 불이행,단일로,화물차,
2016100405,20,야간,화,1,0,0,서울,서초구,차대사람,횡단중,안전운전 의무 불이행,단일로,승용차,보행자
2016100523,20,야간,수,1,0,0,경기,남양주시,차량단독,전도전복,안전운전 의무 불이행,단일로,승용차,
2016093016,40,주간,금,1,0,0,충북,충주시,차량단독,전도전복,안전운전 의무 불이행,교차로,원동기장치자전거,
2016100210,32,주간,일,1,0,0,경북,안동시,차대차,정면충돌,신호위반,교차로,승용차,화물차
2016100123,30,야간,토,1,0,0,인천,옹진군,차대사람,길가장자리구역통행중,안전운전 의무 불이행,단일로,승용차,보행자
2016100419,10,야간,화,1,0,0,경남,함안군,차대사람,기타,안전운전 의무 불이행,교차로,화물차,보행자
2016092100,14,야간,수,1,3,0,경기,광주시,차대차,진행중 추돌,안전운전 의무 불이행,단일로,승용차,화물차
2016091309,25,주간,화,1,0,0,전남,강진군,차대차,측면직각충돌,과속,교차로,화물차,원동기장치자전거
2016092823,48,야간,수,1,1,0,충남,당진시,차대차,정면충돌,중앙선 침범,단일로,승용차,승용차