발생년월일시,발생분,주야,요일,사망자수,중상자수,경상자수,발생지시도,발생지시군구,사고유형_대분류,사고유형,법규위반,도로형태_대분류,당사자종별_1당_대분류,당사자종별_2당_대분류
2016121623,15,야간,금,1,0,0,서울,광진구,차량단독,전도전복,안전운전 의무 불이행,단일로,이륜차,
2016021019,0,야간,수,1,0,0,경남,창녕군,차대사람,횡단중,안전운전 의무 불이행,교차로,승용차,보행자
2016010808,20,주간,금,1,0,0,강원,고성군,차량단독,전도전복,안전운전 의무 불이행,교차로,승용차,
2016011211,25,주간,화,1,0,0,전북,남원시,차량단독,전도전복,안전운전 의무 불이행,단일로,원동기장치자전거,
2016011122,59,야간,월,1,0,0,경기,김포시,차대사람,차도통행중,안전운전 의무 불이행,교차로,승용차,보행자
2016011114,22,주간,월,1,4,2,강원,태백시,차대차,정면충돌,중앙선 침범,단일로,화물차,승합차
2016011807,14,주간,월,1,2,0,경북,성주군,차대차,기타,안전운전 의무 불이행,기타/불명,승용차,화물차
2016011810,0,주간,월,1,0,0,경기,포천시,차량단독,도로이탈 추락,안전운전 의무 불이행,단일로,승용차,
2016011805,50,야간,월,1,0,0,대전,동구,차량단독,기타,안전운전 의무 불이행,단일로,승용차,
2016011418,0,야간,목,1,0,0,경기,광주시,차대차,진행중 추돌,안전운전 의무 불이행,단일로,승용차,이륜차
2016011510,21,주간,금,1,0,0,전남,영암군,차량단독,전도전복,안전운전 의무 불이행,단일로,이륜차,
2016012117,22,주간,목,1,0,0,경기,고양시,차대사람,횡단중,안전운전 의무 불이행,교차로,승합차,보행자
2016012106,55,주간,목,1,0,0,경기,안성시,차량단독,도로이탈 기타,안전운전 의무 불이행,단일로,화물차,
2016012221,28,야간,금,1,0,0,경북,칠곡군,차대차,진행중 추돌,기타(운전자법규위반),단일로,승용차,승용차
2016012407,54,주간,일,1,0,0,경기,양평군,차량단독,공작물충돌,안전운전 의무 불이행,단일로,승용차,
2016012919,1,야간,금,1,0,0,경남,김해시,차대차,진행중 추돌,안전운전 의무 불이행,단일로,승용차,건설기계
2016012916,25,주간,금,1,0,1,충남,태안군,차대차,정면충돌,중앙선 침범,기타/불명,화물차,승합차
2016012910,58,주간,금,1,0,0,경남,산청군,차대사람,횡단중,안전운전 의무 불이행,단일로,화물차,보행자
2016012711,51,주간,수,1,0,0,전북,남원시,차량단독,전도전복,안전운전 의무 불이행,단일로,승용차,
2016020300,23,야간,수,1,0,0,경남,창원시(통합),차대사람,기타,안전운전 의무 불이행,단일로,승용차,보행자
2016020221,0,야간,화,1,0,0,경북,경주시,차대차,기타,안전운전 의무 불이행,단일로,화물차,화물차
2016021122,34,야간,목,1,0,0,서울,종로구,차대사람,횡단중,안전운전 의무 불이행,단일로,승합차,보행자
2016021202,57,야간,금,1,0,0,경기,안양시,차대사람,기타,안전운전 의무 불이행,단일로,승용차,보행자
2016021121,50,야간,목,1,0,0,충남,논산시,차대사람,횡단중,안전운전 의무 불이행,교차로,승용차,보행자
2016021123,17,야간,목,1,0,0,경기,의왕시,차대사람,횡단중,과속,단일로,화물차,보행자
2016010109,45,주간,금,1,4,62,전남,곡성군,차대차,진행중 추돌,안전거리 미확보,단일로,승합차,승합차
2016122822,30,야간,수,1,0,0,부산,사상구,차대사람,기타,안전운전 의무 불이행,단일로,승용차,보행자
2016122815,0,주간,수,1,0,0,경기,성남시,차대사람,횡단중,안전운전 의무 불이행,단일로,건설기계,보행자
2016122818,35,야간,수,1,0,0,전북,익산시,차대사람,횡단중,과속,단일로,승용차,보행자
2016122307,0,주간,금,1,0,0,전북,전주시,차대사람,횡단중,안전운전 의무 불이행,단일로,승용차,보행자
2016122722,42,야간,화,1,0,0,경기,평택시,차대사람,횡단중,안전운전 의무 불이행,교차로,승용차,보행자
2016122401,19,야간,토,1,0,0,경기,수원시,차대사람,횡단중,안전운전 의무 불이행,단일로,승합차,보행자
2016122407,5,주간,토,1,0,0,제주,제주시,차대사람,횡단중,안전운전 의무 불이행,단일로,화물차,보행자
2016122811,55,주간,수,1,0,0,경남,창원시(통합),차대사람,기타,기타(운전자법규위반),교차로,승용차,보행자
2016122718,10,야간,화,1,0,0,전북,김제시,차대차,기타,안전운전 의무 불이행,단일로,승합차,원동기장치자전거
2016112823,45,야간,월,1,0,0,경북,김천시,차량단독,기타,안전운전 의무 불이행,단일로,이륜차,
2016112819,24,야간,월,1,0,0,경기,남양주시,차대사람,횡단중,신호위반,교차로,승용차,보행자
2016120205,0,야간,금,1,0,0,전남,완도군,차대사람,기타,안전운전 의무 불이행,단일로,화물차,보행자
2016112809,0,주간,월,1,0,0,경남,양산시,차대차,정면충돌,안전운전 의무 불이행,단일로,승용차,자전거
2016112905,0,야간,화,1,0,0,경기,성남시,차대차,기타,교차로 통행방법 위반,교차로,승합차,자전거
2016120218,35,야간,금,1,0,0,경북,성주군,차대사람,횡단중,안전운전 의무 불이행,기타/불명,승용차,보행자
2016120316,0,주간,토,1,0,0,전북,남원시,차량단독,전도전복,안전운전 의무 불이행,단일로,이륜차,
2016120116,25,주간,목,1,0,0,경남,함안군,차대사람,기타,과속,단일로,승용차,보행자
2016120209,2,주간,금,1,0,0,충남,서산시,차대차,측면직각충돌,교차로 통행방법 위반,교차로,이륜차,건설기계
2016120405,50,야간,일,1,0,0,경기,파주시,차량단독,전도전복,안전운전 의무 불이행,단일로,승용차,
2016120401,8,야간,일,1,0,0,강원,삼척시,차량단독,전도전복,안전운전 의무 불이행,단일로,승용차,
2016120322,2,야간,토,1,0,0,경남,창녕군,차대사람,기타,안전운전 의무 불이행,단일로,승용차,보행자
2016123013,10,주간,금,1,0,0,경남,거제시,차대사람,기타,안전운전 의무 불이행,기타/불명,승합차,보행자
2016122916,45,주간,목,1,0,0,경남,양산시,차량단독,전도전복,안전운전 의무 불이행,단일로,농기계,
2016123021,4,야간,금,1,0,0,경남,함안군,차대사람,횡단중,안전운전 의무 불이행,교차로,승용차,보행자
2016123006,4,주간,금,1,1,0,경북,상주시,차대차,측면직각충돌,신호위반,교차로,승용차,승용차
2016122400,8,야간,토,1,0,0,서울,종로구,차대사람,기타,안전운전 의무 불이행,교차로,승용차,보행자
2016122322,7,야간,금,1,0,0,충남,천안시,차대차,정면충돌,중앙선 침범,단일로,승용차,승합차
2016122807,20,주간,수,1,0,0,전북,군산시,차대사람,횡단중,보행자 보호의무 위반,교차로,화물차,보행자
2016122805,55,야간,수,1,0,0,경남,김해시,차대차,정면충돌,신호위반,교차로,원동기장치자전거,승용차
2016122111,0,주간,수,1,0,0,경북,군위군,차대차,정면충돌,중앙선 침범,단일로,승용차,화물차
2016122500,10,야간,일,1,1,0,경북,영천시,차량단독,공작물충돌,안전운전 의무 불이행,단일로,승용차,
2016122723,54,야간,화,1,1,0,경기,평택시,차대차,정면충돌,중앙선 침범,단일로,승용차,승용차
2016122023,0,야간,화,1,0,0,부산,기장군,차량단독,공작물충돌,안전운전 의무 불이행,단일로,이륜차,
2016122722,46,야간,화,1,0,0,경기,시흥시,차대사람,횡단중,안전운전 의무 불이행,단일로,승용차,보행자
2016112812,50,주간,월,1,0,0,충북,음성군,차대차,측면직각충돌,안전운전 의무 불이행,교차로,이륜차,농기계
2016120218,5,야간,금,1,1,0,강원,원주시,차대사람,횡단중,보행자 보호의무 위반,단일로,화물차,보행자
2016120310,25,주간,토,1,1,0,경남,거제시,차대사람,보도통행중,안전운전 의무 불이행,단일로,승용차,보행자
2016120301,20,야간,토,1,0,0,경기,안양시,차대사람,횡단중,과속,교차로,승용차,보행자
2016113017,9,주간,수,1,0,1,충북,청주시,차대차,측면직각충돌,중앙선 침범,단일로,승용차,건설기계
2016112906,25,주간,화,1,0,0,전남,해남군,차대사람,길가장자리구역통행중,안전운전 의무 불이행,단일로,화물차,보행자
2016120418,20,야간,일,1,1,0,경북,경주시,차대차,진행중 추돌,안전운전 의무 불이행,단일로,화물차,자전거
2016120402,42,야간,일,1,2,0,서울,서대문구,차대차,기타,신호위반,교차로,원동기장치자전거,승용차
2016121818,10,야간,일,1,0,0,경남,거창군,차대차,진행중 추돌,안전운전 의무 불이행,단일로,승용차,자전거
2016032815,25,주간,월,1,0,0,충남,청양군,차대차,측면직각충돌,직진 및 우회전차의 통행방해,교차로,이륜차,건설기계
2016040222,41,야간,토,1,0,0,경남,밀양시,차대사람,횡단중,안전운전 의무 불이행,단일로,승용차,보행자
2016042901,0,야간,금,1,0,0,서울,양천구,차대사람,횡단중,과속,단일로,승용차,보행자
2016041509,35,주간,금,1,0,0,전남,무안군,차대차,기타,안전운전 의무 불이행,단일로,화물차,이륜차
2016061418,24,야간,화,1,0,0,강원,춘천시,차대차,진행중 추돌,안전운전 의무 불이행,단일로,승용차,화물차
2016120512,44,주간,월,1,0,0,충북,음성군,차대차,측면직각충돌,교차로 통행방법 위반,교차로,승용차,자전거
2016092716,30,주간,화,1,0,0,경북,청송군,차량단독,공작물충돌,안전운전 의무 불이행,단일로,이륜차,
2016010322,10,야간,일,1,2,0,경남,진주시,차대차,진행중 추돌,안전운전 의무 불이행,교차로,승용차,승합차
2016110106,15,주간,화,1,0,0,경기,안산시,차대사람,횡단중,신호위반,교차로,승합차,보행자
2016031009,50,주간,목,1,0,0,전북,김제시,차량단독,전도전복,안전운전 의무 불이행,교차로,승용차,
2016062521,58,야간,토,1,0,0,대구,달성군,차대사람,횡단중,과속,단일로,승용차,보행자
2016063023,25,야간,목,1,0,0,경남,고성군,차량단독,공작물충돌,안전운전 의무 불이행,단일로,승용차,
2016110418,41,야간,금,1,0,0,인천,강화군,차대차,측면직각충돌,안전운전 의무 불이행,단일로,승용차,원동기장치자전거
2016101703,45,야간,월,1,0,0,제주,제주시,차대사람,횡단중,안전운전 의무 불이행,단일로,승용차,보행자
2016101509,25,주간,토,1,1,0,전북,익산시,차대차,기타,안전운전 의무 불이행,단일로,화물차,특수차
2016010308,15,주간,일,1,1,2,충남,보령시,차대사람,기타,안전운전 의무 불이행,단일로,승용차,보행자
2016040203,21,야간,토,1,2,0,전북,정읍시,차량단독,전도전복,안전운전 의무 불이행,단일로,승용차,
2016032005,0,야간,일,1,0,0,경기,남양주시,차대차,기타,안전운전 의무 불이행,단일로,화물차,승용차
2016041114,20,주간,월,1,0,0,경북,영천시,차량단독,공작물충돌,안전운전 의무 불이행,단일로,승용차,
2016051120,0,야간,수,1,0,1,충남,당진시,차대차,진행중 추돌,안전운전 의무 불이행,단일로,화물차,화물차
2016122922,0,야간,목,1,0,0,전북,군산시,차대사람,횡단중,안전운전 의무 불이행,단일로,승용차,보행자
2016122913,40,주간,목,1,1,0,대구,북구,차대차,측면직각충돌,안전운전 의무 불이행,교차로,이륜차,자전거
2016122118,0,야간,수,1,1,0,전남,해남군,차대차,정면충돌,과속,교차로,승용차,승용차
2016122118,40,야간,수,1,0,8,경기,군포시,차대사람,기타,신호위반,교차로,승합차,보행자
2016122219,14,야간,목,1,0,0,충북,제천시,차대사람,횡단중,안전운전 의무 불이행,단일로,승용차,보행자
2016120217,42,주간,금,1,0,0,충남,보령시,차대차,진행중 추돌,안전운전 의무 불이행,단일로,승용차,건설기계
2016120216,40,주간,금,1,0,0,전북,부안군,차대차,정면충돌,중앙선 침범,단일로,자전거,승용차
2016113013,40,주간,수,1,0,0,울산,북구,차대사람,차도통행중,기타(운전자법규위반),단일로,화물차,보행자
2016113007,0,주간,수,1,0,0,경기,군포시,차대사람,횡단중,안전운전 의무 불이행,단일로,승용차,보행자
2016113006,0,주간,수,1,0,0,대전,중구,차대사람,횡단중,신호위반,교차로,승용차,보행자
2016112921,9,야간,화,1,0,0,경북,포항시,차대사람,횡단중,안전운전 의무 불이행,단일로,승용차,보행자
2016113017,38,주간,수,1,0,0,전남,목포시,차대사람,횡단중,안전운전 의무 불이행,교차로,승용차,보행자
2016120312,50,주간,토,1,0,1,경남,김해시,차대차,측면직각충돌,중앙선 침범,교차로,승용차,화물차
2016112710,43,주간,일,1,0,0,울산,울주군,차량단독,전도전복,안전운전 의무 불이행,단일로,이륜차,
2016112803,10,야간,월,1,0,0,경북,경주시,차대차,기타,안전운전 의무 불이행,단일로,승용차,자전거
2016112817,53,주간,월,1,0,0,경기,파주시,차대사람,차도통행중,안전운전 의무 불이행,교차로,화물차,보행자
2016122916,30,주간,목,1,0,0,경북,청송군,차대차,기타,기타(운전자법규위반),단일로,화물차,원동기장치자전거
2016122922,15,야간,목,1,0,0,세종,세종,차량단독,전도전복,안전운전 의무 불이행,단일로,승용차,
2016113022,46,야간,수,1,0,0,경기,과천시,차대사람,기타,안전운전 의무 불이행,단일로,승합차,보행자
2016113020,37,야간,수,1,4,0,충북,충주시,차대차,정면충돌,안전운전 의무 불이행,단일로,승합차,건설기계
2016112720,0,야간,일,1,0,0,광주,서구,차대차,기타,신호위반,교차로,화물차,이륜차
2016120112,20,주간,목,1,0,0,충북,영동군,차량단독,전도전복,안전운전 의무 불이행,단일로,화물차,
2016112817,44,주간,월,1,0,0,서울,양천구,차대차,진행중 추돌,중앙선 침범,교차로,자전거,승용차
2016122911,30,주간,목,1,0,0,전남,장성군,차대차,측면직각충돌,안전운전 의무 불이행,교차로,승용차,이륜차
2016122221,40,야간,목,1,1,0,대구,서구,차대사람,횡단중,과속,단일로,승합차,보행자
2016122400,0,야간,토,1,0,0,경기,광명시,차대사람,기타,안전운전 의무 불이행,교차로,화물차,보행자
2016122707,3,주간,화,1,0,0,경기,의정부시,차대사람,횡단중,안전운전 의무 불이행,단일로,승용차,보행자
2016120118,33,야간,목,1,0,0,서울,은평구,차대사람,횡단중,안전운전 의무 불이행,교차로,이륜차,보행자
2016112717,10,주간,일,1,0,0,충북,충주시,차대차,측면직각충돌,중앙선 침범,단일로,자전거,승용차
2016120123,0,야간,목,1,0,0,대구,달서구,차대차,측면직각충돌,중앙선 침범,단일로,이륜차,승용차
2016112908,10,주간,화,1,0,1,인천,남동구,차대사람,기타,기타(운전자법규위반),단일로,화물차,보행자
2016122816,4,주간,수,1,0,0,경북,구미시,차대차,기타,신호위반,단일로,승용차,자전거
2016122901,55,야간,목,1,0,0,충남,천안시,차대사람,횡단중,안전운전 의무 불이행,단일로,승용차,보행자
2016123120,30,야간,토,1,0,0,경북,구미시,차대차,진행중 추돌,안전운전 의무 불이행,단일로,원동기장치자전거,화물차
2016123118,50,야간,토,1,0,1,대구,달성군,차대사람,기타,안전운전 의무 불이행,단일로,승용차,보행자
2016123118,20,야간,토,1,0,0,충남,태안군,차대차,진행중 추돌,안전운전 의무 불이행,단일로,이륜차,승용차
2016123123,15,야간,토,1,1,0,충북,충주시,차량단독,전도전복,안전운전 의무 불이행,단일로,승용차,
2016123102,55,야간,토,1,0,0,경남,창원시(통합),차대사람,기타,안전운전 의무 불이행,단일로,승용차,보행자
2016123104,10,야간,토,1,2,0,경남,창원시(통합),차량단독,공작물충돌,안전운전 의무 불이행,단일로,승용차,
2016122718,0,야간,화,1,0,0,경기,의왕시,차대사람,횡단중,안전운전 의무 불이행,교차로,승용차,보행자
2016122415,0,주간,토,1,2,1,경남,사천시,차대차,정면충돌,중앙선 침범,단일로,승용차,승용차
2016122118,40,야간,수,1,0,0,인천,옹진군,차량단독,전도전복,안전운전 의무 불이행,단일로,승용차,
2016112818,15,야간,월,1,0,0,전북,부안군,차대사람,횡단중,안전운전 의무 불이행,단일로,승용차,보행자
2016090213,15,주간,금,1,0,0,전북,완주군,차대사람,횡단중,안전운전 의무 불이행,단일로,화물차,보행자
2016010512,20,주간,화,1,0,3,경북,안동시,차대차,진행중 추돌,안전운전 의무 불이행,교차로,승용차,화물차
2016022222,5,야간,월,1,0,0,대전,대덕구,차대차,진행중 추돌,안전운전 의무 불이행,교차로,이륜차,승용차
2016092901,10,야간,목,1,1,0,경기,수원시,차량단독,공작물충돌,안전운전 의무 불이행,지하도로내,이륜차,
2016021507,35,주간,월,1,0,0,부산,해운대구,차대차,기타,신호위반,교차로,건설기계,승용차
2016021713,10,주간,수,1,0,0,전남,광양시,차대사람,횡단중,안전운전 의무 불이행,단일로,화물차,보행자
2016030814,35,주간,화,1,0,0,전남,해남군,차대차,정면충돌,교차로 통행방법 위반,교차로,자전거,화물차
2016030423,35,야간,금,1,0,0,서울,서초구,차대사람,횡단중,안전운전 의무 불이행,단일로,승용차,보행자
2016022323,20,야간,화,1,0,0,경북,예천군,차량단독,공작물충돌,안전운전 의무 불이행,교차로,승용차,
2016011617,45,주간,토,1,0,0,전북,익산시,차대차,정면충돌,중앙선 침범,교차로,이륜차,화물차
2016011618,50,야간,토,1,0,0,전북,익산시,차대사람,횡단중,안전운전 의무 불이행,교차로,승용차,보행자
2016011518,20,야간,금,1,0,0,광주,서구,차대사람,횡단중,안전운전 의무 불이행,단일로,승합차,보행자
2016011514,45,주간,금,1,0,0,전남,완도군,차량단독,전도전복,안전운전 의무 불이행,단일로,승용차,
2016012200,45,야간,금,1,0,0,대구,달성군,차량단독,공작물충돌,안전운전 의무 불이행,단일로,승용차,
2016011818,13,야간,월,1,0,0,울산,울주군,차대사람,횡단중,안전운전 의무 불이행,단일로,승용차,보행자
2016011820,5,야간,월,1,0,0,경기,오산시,차대사람,횡단중,보행자 보호의무 위반,교차로,승합차,보행자
2016012519,20,야간,월,1,0,0,경기,평택시,차대사람,횡단중,안전운전 의무 불이행,단일로,승용차,보행자
2016012301,28,야간,토,1,0,0,부산,사상구,차대차,진행중 추돌,안전운전 의무 불이행,고가도로위,화물차,화물차
2016012308,0,주간,토,1,0,0,서울,관악구,차대사람,차도통행중,안전운전 의무 불이행,단일로,승용차,보행자
2016012718,20,야간,수,1,0,0,경남,창원시(통합),차대사람,횡단중,안전운전 의무 불이행,단일로,승용차,보행자
2016012919,53,야간,금,1,0,0,서울,강서구,차대사람,차도통행중,안전운전 의무 불이행,단일로,승합차,보행자
2016012806,50,주간,목,1,0,0,강원,춘천시,차대사람,횡단중,안전운전 의무 불이행,단일로,승용차,보행자
2016020122,55,야간,월,1,0,0,전남,함평군,차대사람,횡단중,과속,단일로,승용차,보행자
2016020205,45,야간,화,1,0,0,전남,목포시,차대사람,횡단중,안전운전 의무 불이행,단일로,승합차,보행자
2016020304,45,야간,수,1,0,0,서울,도봉구,차대사람,차도통행중,안전운전 의무 불이행,단일로,승용차,보행자
2016020114,10,주간,월,1,0,0,제주,제주시,차대사람,횡단중,안전운전 의무 불이행,단일로,화물차,보행자
2016020107,0,주간,월,1,0,0,강원,원주시,차대사람,횡단중,보행자 보호의무 위반,단일로,승합차,보행자
2016060600,30,야간,월,1,0,1,경북,김천시,차대차,진행중 추돌,안전운전 의무 불이행,단일로,화물차,승용차
2016052503,14,야간,수,2,1,5,경기,화성시,차대차,측면직각충돌,안전운전 의무 불이행,단일로,화물차,특수차
2016120710,40,주간,수,1,0,0,충남,금산군,차대사람,기타,안전운전 의무 불이행,단일로,화물차,보행자
2016123105,40,야간,토,1,1,0,충남,당진시,차대차,진행중 추돌,안전거리 미확보,단일로,화물차,화물차
2016120118,20,야간,목,1,0,0,전북,군산시,차대사람,횡단중,보행자 보호의무 위반,교차로,승용차,보행자
2016120218,50,야간,금,1,0,0,전북,부안군,차대사람,횡단중,안전운전 의무 불이행,교차로,승용차,보행자
2016112902,10,야간,화,1,0,0,경남,사천시,차대사람,기타,보행자 보호의무 위반,단일로,승용차,보행자
2016112806,40,주간,월,1,0,0,충남,천안시,차대사람,횡단중,보행자 보호의무 위반,단일로,승용차,보행자
2016112912,33,주간,화,1,0,0,경기,김포시,차대차,정면충돌,안전운전 의무 불이행,단일로,화물차,원동기장치자전거
2016112906,20,주간,화,1,0,0,충남,청양군,차량단독,공작물충돌,안전운전 의무 불이행,단일로,화물차,
2016122903,0,야간,목,2,0,2,충남,아산시,차대차,기타,안전운전 의무 불이행,단일로,승용차,승용차
2016122906,10,주간,목,1,0,0,인천,부평구,차대차,측면직각충돌,신호위반,교차로,자전거,승합차
2016123017,10,주간,금,1,0,1,경기,용인시,차대차,측면직각충돌,중앙선 침범,단일로,승용차,승용차
2016122705,5,야간,화,1,0,0,경남,김해시,차대사람,횡단중,안전운전 의무 불이행,단일로,화물차,보행자
2016122720,20,야간,화,1,0,0,경기,용인시,차대사람,횡단중,신호위반,단일로,화물차,보행자
2016122721,40,야간,화,1,0,2,강원,동해시,차대차,측면직각충돌,중앙선 침범,단일로,화물차,승합차
2016122515,15,주간,일,1,0,0,충남,아산시,차량단독,전도전복,안전운전 의무 불이행,기타/불명,승용차,
2016122810,5,주간,수,1,0,0,강원,원주시,차대사람,횡단중,안전운전 의무 불이행,교차로,승용차,보행자
2016122410,5,주간,토,1,0,0,경기,시흥시,차대차,측면직각충돌,부당한 회전,단일로,자전거,승용차
2016122418,49,야간,토,1,0,0,경기,여주시,차대사람,차도통행중,안전운전 의무 불이행,단일로,화물차,보행자
2016122112,7,주간,수,1,0,0,강원,삼척시,차대차,측면직각충돌,안전운전 의무 불이행,교차로,화물차,건설기계
2016120210,45,주간,금,1,3,1,광주,북구,차대차,측면직각충돌,안전운전 의무 불이행,단일로,승용차,화물차
2016112823,13,야간,월,1,0,0,경기,평택시,차대차,진행중 추돌,안전운전 의무 불이행,교차로,승용차,화물차
2016112910,40,주간,화,1,0,0,서울,서대문구,차대사람,횡단중,안전운전 의무 불이행,단일로,건설기계,보행자
2016120310,50,주간,토,1,0,0,인천,옹진군,차량단독,전도전복,안전운전 의무 불이행,단일로,불명,
2016112913,42,주간,화,1,0,0,경기,파주시,차대사람,횡단중,안전운전 의무 불이행,단일로,승용차,보행자
2016112908,50,주간,화,1,0,0,전남,신안군,차량단독,전도전복,안전운전 의무 불이행,단일로,화물차,
2016120112,30,주간,목,1,1,0,전남,곡성군,차량단독,전도전복,안전운전 의무 불이행,단일로,원동기장치자전거,
2016123008,5,주간,금,1,0,1,강원,원주시,차대차,정면충돌,교차로 통행방법 위반,교차로,화물차,승합차
2016123005,5,야간,금,1,0,0,서울,광진구,차대차,정면충돌,중앙선 침범,단일로,원동기장치자전거,승용차
2016122819,15,야간,수,1,0,0,충남,홍성군,차대사람,횡단중,과속,교차로,승용차,보행자
2016122313,31,주간,금,1,0,0,부산,진구,차대사람,보도통행중,안전운전 의무 불이행,단일로,건설기계,보행자
2016122317,50,주간,금,1,0,0,경기,여주시,차대사람,길가장자리구역통행중,안전운전 의무 불이행,교차로,승용차,보행자
2016122300,19,야간,금,1,0,0,경기,광주시,차대사람,횡단중,안전운전 의무 불이행,교차로,승용차,보행자
2016120307,50,주간,토,1,0,0,전남,영광군,차대사람,횡단중,안전운전 의무 불이행,교차로,화물차,보행자
2016120409,35,주간,일,1,0,0,전남,여수시,차량단독,기타,안전운전 의무 불이행,단일로,자전거,
2016113005,40,야간,수,1,0,0,전북,전주시,차대사람,횡단중,안전운전 의무 불이행,단일로,이륜차,보행자
2016113012,50,주간,수,1,0,0,전북,익산시,차대차,측면직각충돌,서행 및 일시정지위반,교차로,화물차,원동기장치자전거
2016113006,35,주간,수,1,0,0,경북,문경시,차대사람,횡단중,안전운전 의무 불이행,교차로,화물차,보행자
2016113006,5,주간,수,1,0,1,광주,광산구,차대차,측면직각충돌,과속,교차로,승용차,자전거
2016113015,30,주간,수,1,0,0,강원,홍천군,차대차,측면직각충돌,안전운전 의무 불이행,교차로,자전거,승용차
2016123011,10,주간,금,1,0,0,경기,성남시,차대사람,횡단중,신호위반,교차로,승합차,보행자
2016123012,30,주간,금,1,0,0,경기,하남시,차대사람,보도통행중,중앙선 침범,단일로,화물차,보행자
2016122923,30,야간,목,1,0,0,전남,광양시,차량단독,전도전복,안전운전 의무 불이행,단일로,승용차,
2016122918,50,야간,목,1,0,0,경북,의성군,차대사람,횡단중,안전운전 의무 불이행,단일로,승용차,보행자
2016122918,25,야간,목,1,0,0,경북,성주군,차대사람,횡단중,안전운전 의무 불이행,기타/불명,승용차,보행자
2016100704,20,야간,금,1,1,0,서울,서초구,차대차,기타,안전운전 의무 불이행,단일로,승용차,승용차
2016120523,35,야간,월,1,1,0,경기,시흥시,차대차,정면충돌,중앙선 침범,단일로,승용차,승용차
2016012502,23,야간,월,1,0,2,대전,대덕구,차대차,진행중 추돌,안전운전 의무 불이행,단일로,화물차,승합차
2016122910,35,주간,목,1,0,0,경북,영양군,차량단독,전도전복,안전운전 의무 불이행,단일로,원동기장치자전거,
2016122823,30,야간,수,1,0,0,충북,보은군,차량단독,전도전복,안전운전 의무 불이행,단일로,이륜차,
2016122619,45,야간,월,1,0,0,울산,중구,차대사람,기타,안전운전 의무 불이행,단일로,승용차,보행자
2016122113,18,주간,수,1,0,0,충북,단양군,차대사람,횡단중,안전운전 의무 불이행,단일로,화물차,보행자
2016122607,0,주간,월,1,0,0,경기,양평군,차대사람,기타,안전운전 의무 불이행,교차로,화물차,보행자
2016122522,10,야간,일,1,0,0,경남,밀양시,차대사람,횡단중,안전운전 의무 불이행,단일로,승용차,보행자
2016122521,37,야간,일,1,0,0,경남,진주시,차대차,진행중 추돌,중앙선 침범,단일로,원동기장치자전거,화물차
2016122219,38,야간,목,1,0,0,강원,동해시,차량단독,전도전복,안전운전 의무 불이행,단일로,승용차,
2016120411,15,주간,일,1,0,0,대전,동구,차대차,측면직각충돌,안전운전 의무 불이행,단일로,승용차,자전거
2016120323,30,야간,토,1,1,2,대전,서구,차대차,진행중 추돌,신호위반,교차로,승용차,승용차
2016112914,22,주간,화,1,0,0,강원,고성군,차량단독,전도전복,안전운전 의무 불이행,단일로,승용차,
2016113022,5,야간,수,1,0,0,대전,유성구,차대사람,횡단중,안전운전 의무 불이행,단일로,승용차,보행자
2016112617,30,주간,토,1,0,0,부산,연제구,차대사람,횡단중,안전운전 의무 불이행,교차로,승용차,보행자
2016120311,15,주간,토,1,1,2,전북,김제시,차대차,진행중 추돌,안전운전 의무 불이행,단일로,특수차,승용차
2016120318,57,야간,토,1,0,0,제주,제주시,차대사람,횡단중,보행자 보호의무 위반,단일로,화물차,보행자
2016112909,18,주간,화,1,0,0,경남,산청군,차량단독,전도전복,안전운전 의무 불이행,단일로,이륜차,
2016122907,10,주간,목,1,0,1,울산,북구,차대차,측면직각충돌,차로위반(진로변경 위반),단일로,이륜차,승용차
2016122902,40,야간,목,1,0,0,제주,제주시,차대사람,횡단중,안전운전 의무 불이행,교차로,승용차,보행자
2016123018,5,야간,금,1,0,0,강원,강릉시,차대사람,횡단중,안전운전 의무 불이행,단일로,승용차,보행자
2016123022,30,야간,금,1,0,0,경기,성남시,차대사람,기타,안전운전 의무 불이행,교차로,승용차,승용차
2016123000,5,야간,금,1,0,0,서울,도봉구,차대사람,횡단중,과속,단일로,승용차,보행자