발생년월일시,발생분,주야,요일,사망자수,중상자수,경상자수,발생지시도,발생지시군구,사고유형_대분류,사고유형,법규위반,도로형태_대분류,당사자종별_1당_대분류,당사자종별_2당_대분류
2016122907,35,주간,목,1,0,0,전북,남원시,차대차,측면직각충돌,안전운전 의무 불이행,교차로,승용차,자전거
2016122212,25,주간,목,1,0,0,경기,평택시,차대사람,횡단중,안전운전 의무 불이행,단일로,승용차,보행자
2016122217,25,주간,목,1,2,2,전남,장성군,차대차,측면직각충돌,안전운전 의무 불이행,교차로,승용차,승용차
2016122700,20,야간,화,1,0,0,경북,경주시,차대사람,길가장자리구역통행중,안전운전 의무 불이행,단일로,화물차,보행자
2016112718,5,야간,일,1,0,1,전남,진도군,차대사람,횡단중,안전운전 의무 불이행,단일로,승용차,보행자
2016112720,40,야간,일,1,0,0,서울,동대문구,차대사람,횡단중,안전운전 의무 불이행,단일로,승합차,보행자
2016120205,25,야간,금,1,0,0,경남,창원시(통합),차량단독,기타,안전운전 의무 불이행,기타/불명,이륜차,
2016123118,50,야간,토,1,0,0,충남,청양군,차대사람,차도통행중,안전운전 의무 불이행,단일로,화물차,보행자
2016120109,45,주간,목,1,0,0,경기,성남시,차대사람,기타,안전운전 의무 불이행,단일로,화물차,보행자
2016120209,0,주간,금,1,0,0,경북,경주시,차대사람,횡단중,안전운전 의무 불이행,단일로,승합차,보행자
2016120410,55,주간,일,1,0,0,강원,태백시,차량단독,공작물충돌,안전운전 의무 불이행,단일로,승용차,
2016120200,15,야간,금,1,0,0,서울,마포구,차대차,정면충돌,중앙선 침범,교차로,승용차,승용차
2016120123,28,야간,목,1,0,1,울산,남구,차대차,진행중 추돌,안전운전 의무 불이행,단일로,승용차,승합차
2016120220,2,야간,금,1,0,0,부산,강서구,차대사람,차도통행중,안전운전 의무 불이행,단일로,승용차,보행자
2016120210,40,주간,금,1,0,0,경기,의정부시,차대사람,횡단중,안전운전 의무 불이행,단일로,화물차,보행자
2016113015,7,주간,수,1,0,0,경남,김해시,차대차,측면직각충돌,교차로 통행방법 위반,교차로,자전거,화물차
2016123021,0,야간,금,1,0,0,경남,하동군,차량단독,전도전복,안전운전 의무 불이행,기타/불명,원동기장치자전거,
2016122220,55,야간,목,1,0,0,경북,경주시,차대사람,횡단중,안전운전 의무 불이행,단일로,승용차,보행자
2016122304,25,야간,금,1,0,0,서울,송파구,차대사람,횡단중,안전운전 의무 불이행,교차로,승용차,보행자
2016122306,10,주간,금,1,0,0,경북,포항시,차대차,측면직각충돌,안전운전 의무 불이행,단일로,특수차,승용차
2016112720,55,야간,일,1,0,0,충남,서산시,차대사람,차도통행중,안전운전 의무 불이행,단일로,승용차,보행자
2016012513,5,주간,월,1,0,3,경기,광주시,차량단독,공작물충돌,안전운전 의무 불이행,단일로,승용차,
2016021114,38,주간,목,2,0,0,강원,강릉시,차량단독,전도전복,안전운전 의무 불이행,단일로,화물차,
2016041500,2,야간,금,1,0,0,전북,김제시,차대차,진행중 추돌,안전운전 의무 불이행,단일로,화물차,화물차
2016122118,59,야간,수,1,0,0,경기,오산시,차량단독,전도전복,안전운전 의무 불이행,단일로,화물차,
2016110623,25,야간,일,1,3,4,경기,광주시,차대차,기타,안전운전 의무 불이행,단일로,승용차,승용차
2016092502,23,야간,일,1,1,0,충남,공주시,차대차,기타,과속,단일로,승용차,화물차
2016092422,50,야간,토,1,0,1,경남,진주시,차량단독,공작물충돌,안전운전 의무 불이행,단일로,승용차,
2016111122,40,야간,금,1,0,0,전남,무안군,차량단독,공작물충돌,안전운전 의무 불이행,단일로,화물차,
2016120212,50,주간,금,1,0,0,경북,예천군,차량단독,공작물충돌,안전운전 의무 불이행,단일로,화물차,
2016120317,27,주간,토,1,0,0,대구,서구,차대사람,기타,안전운전 의무 불이행,단일로,승용차,보행자
2016122920,23,야간,목,1,0,0,제주,제주시,차대사람,횡단중,안전운전 의무 불이행,단일로,승용차,보행자
2016120400,0,야간,일,1,0,0,경북,청도군,차량단독,전도전복,안전운전 의무 불이행,단일로,승용차,
2016120418,30,야간,일,1,0,0,경기,연천군,차대사람,차도통행중,안전운전 의무 불이행,단일로,승용차,보행자
2016122321,35,야간,금,2,1,1,서울,관악구,차대차,정면충돌,중앙선 침범,단일로,이륜차,원동기장치자전거
2016120305,40,야간,토,1,0,0,경기,안산시,차대사람,기타,안전운전 의무 불이행,단일로,승용차,보행자
2016112920,14,야간,화,1,0,0,대전,서구,차대사람,기타,안전운전 의무 불이행,단일로,승용차,보행자
2016113007,0,주간,수,1,0,0,서울,서초구,차대차,진행중 추돌,안전거리 미확보,지하도로내,승용차,건설기계
2016120312,25,주간,토,1,1,0,경남,밀양시,차대차,측면직각충돌,교차로 통행방법 위반,교차로,화물차,원동기장치자전거
2016120121,14,야간,목,1,0,0,경기,수원시,차량단독,전도전복,안전운전 의무 불이행,지하도로내,승용차,
2016120117,50,주간,목,1,0,1,경북,영천시,차대사람,횡단중,보행자 보호의무 위반,단일로,이륜차,보행자
2016123018,0,야간,금,1,0,0,충남,당진시,차대사람,횡단중,안전운전 의무 불이행,단일로,승용차,보행자
2016123100,49,야간,토,1,0,0,경남,거제시,차대사람,기타,안전운전 의무 불이행,단일로,승용차,보행자
2016123000,30,야간,금,1,0,0,서울,동작구,차대사람,횡단중,안전운전 의무 불이행,교차로,승용차,보행자
2016123023,0,야간,금,1,0,0,전북,부안군,차대사람,길가장자리구역통행중,안전운전 의무 불이행,단일로,승용차,보행자
2016122920,0,야간,목,1,0,1,경기,성남시,차대차,진행중 추돌,신호위반,교차로,승합차,이륜차
2016042720,50,야간,수,2,0,1,경기,고양시,차대사람,횡단중,과속,교차로,승용차,보행자
2016051721,30,야간,화,1,0,0,전남,무안군,차대차,진행중 추돌,과속,단일로,승용차,승용차
2016051809,54,주간,수,1,0,0,전남,해남군,차대사람,횡단중,안전운전 의무 불이행,교차로,화물차,보행자
2016061100,12,야간,토,1,0,0,경기,안양시,차대사람,횡단중,안전운전 의무 불이행,교차로,승용차,보행자
2016081419,45,야간,일,2,2,0,경남,밀양시,차대차,정면충돌,중앙선 침범,단일로,승용차,승용차
2016082510,40,주간,목,1,0,0,경기,성남시,차대사람,횡단중,과속,교차로,승합차,보행자
2016110412,25,주간,금,1,2,0,충남,논산시,차대차,측면직각충돌,과속,교차로,화물차,농기계
2016120502,45,야간,월,1,0,0,광주,남구,차대사람,횡단중,안전운전 의무 불이행,교차로,승용차,보행자
2016121318,45,야간,화,1,0,0,전북,남원시,차대사람,횡단중,과속,교차로,승용차,보행자
2016121618,0,야간,금,1,0,0,대구,중구,차대사람,횡단중,안전운전 의무 불이행,단일로,승용차,보행자
2016100413,20,주간,화,1,0,4,충남,홍성군,차대차,진행중 추돌,안전운전 의무 불이행,단일로,화물차,화물차
2016082914,59,주간,월,1,1,0,경기,성남시,차대차,진행중 추돌,안전운전 의무 불이행,단일로,화물차,화물차
2016011408,55,주간,목,1,0,0,전남,여수시,차량단독,기타,기타(운전자법규위반),단일로,특수차,
2016012107,0,주간,목,1,0,0,경기,성남시,차대사람,횡단중,안전운전 의무 불이행,단일로,승용차,보행자
2016102518,45,야간,화,1,0,0,경남,양산시,차대사람,횡단중,안전운전 의무 불이행,기타/불명,승용차,보행자
2016062416,20,주간,금,2,0,0,전남,곡성군,차량단독,공작물충돌,안전운전 의무 불이행,단일로,승용차,
2016071914,0,주간,화,1,0,0,경기,여주시,차량단독,전도전복,안전운전 의무 불이행,단일로,농기계,
2016052305,50,야간,월,1,0,1,경기,용인시,차대차,진행중 추돌,안전운전 의무 불이행,단일로,승용차,화물차
2016072823,40,야간,목,1,0,0,경북,구미시,차대차,진행중 추돌,안전운전 의무 불이행,단일로,화물차,화물차
2016090602,30,야간,화,1,0,0,울산,울주군,차량단독,전도전복,안전운전 의무 불이행,단일로,화물차,
2016080904,20,야간,화,1,1,0,경기,평택시,차대차,기타,안전운전 의무 불이행,단일로,승용차,화물차
2016122711,35,주간,화,1,5,3,경북,영덕군,차대차,진행중 추돌,안전운전 의무 불이행,단일로,승용차,승용차
2016101708,50,주간,월,1,0,0,경북,성주군,차량단독,공작물충돌,안전운전 의무 불이행,단일로,승용차,
2016122721,40,야간,화,1,0,0,충남,태안군,차대사람,횡단중,안전운전 의무 불이행,단일로,승용차,보행자
2016111115,25,주간,금,1,0,0,경남,김해시,차대차,측면직각충돌,안전운전 의무 불이행,교차로,건설기계,화물차
2016092504,24,야간,일,1,0,0,경기,성남시,차대사람,횡단중,신호위반,단일로,승합차,보행자
2016090222,5,야간,금,1,0,0,서울,동대문구,차대사람,횡단중,안전운전 의무 불이행,교차로,승용차,보행자
2016012718,10,야간,수,1,0,0,경북,구미시,차대차,진행중 추돌,안전운전 의무 불이행,교차로,이륜차,승용차
2016020323,12,야간,수,1,0,0,전남,해남군,차대사람,횡단중,안전운전 의무 불이행,교차로,승용차,보행자
2016032715,35,주간,일,1,0,0,강원,원주시,차량단독,공작물충돌,안전운전 의무 불이행,단일로,승용차,
2016040621,3,야간,수,1,0,0,전남,담양군,차대사람,횡단중,안전운전 의무 불이행,단일로,승용차,보행자
2016050401,25,야간,수,1,0,0,경기,고양시,차대사람,횡단중,보행자 보호의무 위반,단일로,승용차,보행자
2016070413,5,주간,월,1,0,0,경기,김포시,차대차,정면충돌,교차로 통행방법 위반,교차로,승용차,이륜차
2016070720,20,야간,목,1,0,0,경기,남양주시,차대차,정면충돌,부당한 회전,단일로,자전거,승용차
2016062903,55,야간,수,1,1,0,부산,강서구,차량단독,전도전복,안전운전 의무 불이행,단일로,화물차,
2016082321,50,야간,화,1,0,1,서울,성동구,차대차,정면충돌,신호위반,교차로,원동기장치자전거,화물차
2016122517,26,주간,일,1,0,0,대구,동구,차대차,기타,안전운전 의무 불이행,단일로,승합차,자전거
2016111121,50,야간,금,1,1,0,서울,성동구,차대사람,보도통행중,중앙선 침범,단일로,승용차,보행자
2016112106,47,주간,월,1,0,0,충남,아산시,차대차,측면직각충돌,신호위반,교차로,자전거,승용차
2016092120,51,야간,수,1,0,0,충남,당진시,차대사람,횡단중,과속,단일로,승합차,보행자
2016012710,2,주간,수,1,0,0,경남,통영시,차대사람,횡단중,안전운전 의무 불이행,단일로,승용차,보행자
2016013108,0,주간,일,1,1,0,전북,정읍시,차대사람,길가장자리구역통행중,중앙선 침범,단일로,승용차,보행자
2016112004,20,야간,일,1,0,0,경북,경주시,차량단독,전도전복,안전운전 의무 불이행,단일로,승용차,
2016112618,15,야간,토,1,0,2,경북,안동시,차대사람,기타,안전운전 의무 불이행,단일로,화물차,보행자
2016010610,10,주간,수,1,0,0,강원,강릉시,차대사람,횡단중,안전운전 의무 불이행,단일로,승용차,보행자
2016010210,50,주간,토,1,0,0,전남,광양시,차량단독,전도전복,안전운전 의무 불이행,교차로,이륜차,
2016010207,0,주간,토,1,0,0,충북,청주시,차대사람,횡단중,보행자 보호의무 위반,교차로,승용차,보행자
2016010218,13,야간,토,1,1,0,경북,성주군,차대차,기타,안전운전 의무 불이행,교차로,승용차,화물차
2016010304,25,야간,일,1,0,0,충남,예산군,차대사람,횡단중,보행자 보호의무 위반,교차로,승용차,보행자
2016010913,25,주간,토,1,0,0,전남,순천시,차대사람,횡단중,중앙선 침범,단일로,승용차,보행자
2016010813,25,주간,금,1,1,1,경북,문경시,차대차,정면충돌,중앙선 침범,단일로,화물차,건설기계
2016010902,40,야간,토,1,2,0,전남,목포시,차대차,정면충돌,중앙선 침범,단일로,승용차,승용차
2016010618,15,야간,수,1,0,0,충북,보은군,차대사람,횡단중,교차로 통행방법 위반,교차로,승용차,보행자
2016011402,11,야간,목,1,0,0,서울,서대문구,차대사람,길가장자리구역통행중,안전운전 의무 불이행,단일로,승용차,보행자
2016011100,30,야간,월,1,3,0,전남,영암군,차대차,정면충돌,중앙선 침범,단일로,승용차,승용차
2016011210,35,주간,화,1,0,0,부산,강서구,차대차,기타,중앙선 침범,기타/불명,승용차,원동기장치자전거
2016011606,20,주간,토,1,0,0,서울,도봉구,차대사람,횡단중,안전운전 의무 불이행,단일로,승합차,보행자
2016011606,45,주간,토,1,0,0,광주,북구,차대사람,횡단중,안전운전 의무 불이행,단일로,승용차,보행자
2016011510,17,주간,금,1,0,0,강원,영월군,차량단독,전도전복,안전운전 의무 불이행,단일로,승용차,
2016012201,35,야간,금,1,1,0,대구,동구,차대차,측면직각충돌,신호위반,교차로,승용차,승용차
2016012207,0,주간,금,1,0,0,경기,여주시,차대사람,횡단중,안전운전 의무 불이행,단일로,승용차,보행자
2016012705,9,야간,수,1,0,1,서울,강북구,차대차,진행중 추돌,안전운전 의무 불이행,교차로,승용차,승합차
2016012721,10,야간,수,1,0,0,경남,창원시(통합),차대사람,횡단중,신호위반,단일로,승합차,보행자
2016012807,0,주간,목,1,0,0,충남,부여군,차대사람,횡단중,안전운전 의무 불이행,교차로,승용차,보행자
2016012810,46,주간,목,1,0,0,경남,고성군,차량단독,전도전복,안전운전 의무 불이행,교차로,이륜차,
2016013020,20,야간,토,1,0,0,경북,군위군,차량단독,전도전복,안전운전 의무 불이행,단일로,승용차,
2016021116,15,주간,목,1,0,0,경북,경주시,차대차,측면직각충돌,안전운전 의무 불이행,단일로,화물차,화물차
2016030714,35,주간,월,4,0,1,경북,청도군,차대차,진행중 추돌,안전운전 의무 불이행,단일로,화물차,화물차
2016042600,45,야간,화,1,0,0,충북,영동군,차대차,진행중 추돌,안전운전 의무 불이행,단일로,화물차,화물차
2016040801,48,야간,금,1,0,0,경기,성남시,차량단독,공작물충돌,안전운전 의무 불이행,단일로,승합차,
2016091119,30,야간,일,1,0,0,서울,강북구,차대사람,기타,안전운전 의무 불이행,단일로,승합차,보행자
2016121319,43,야간,화,1,0,0,대구,남구,차대사람,횡단중,안전운전 의무 불이행,교차로,승용차,보행자
2016042217,40,주간,금,1,0,0,충남,부여군,차량단독,전도전복,안전운전 의무 불이행,단일로,이륜차,
2016042320,45,야간,토,1,0,0,부산,동래구,차대차,측면직각충돌,안전운전 의무 불이행,단일로,이륜차,승용차
2016080323,48,야간,수,1,0,0,전남,영광군,차대차,측면직각충돌,안전운전 의무 불이행,단일로,승용차,이륜차
2016110716,2,주간,월,1,0,0,서울,강북구,차대차,측면직각충돌,안전운전 의무 불이행,교차로,자전거,승용차
2016110521,20,야간,토,1,0,1,경북,포항시,차대차,정면충돌,안전운전 의무 불이행,교차로,승용차,승용차
2016092616,50,주간,월,1,0,0,경남,창녕군,차량단독,전도전복,안전운전 의무 불이행,단일로,농기계,
2016092803,6,야간,수,1,0,0,대전,유성구,차대차,진행중 추돌,안전운전 의무 불이행,단일로,화물차,화물차
2016100910,27,주간,일,1,0,3,경북,포항시,차대차,기타,안전운전 의무 불이행,단일로,승용차,승용차
2016022803,35,야간,일,1,0,0,경남,함양군,차량단독,전도전복,안전거리 미확보,단일로,승용차,
2016010315,20,주간,일,1,0,0,충남,금산군,차량단독,전도전복,안전운전 의무 불이행,단일로,이륜차,
2016010704,18,야간,목,1,0,0,경기,안산시,차량단독,공작물충돌,안전운전 의무 불이행,단일로,이륜차,
2016032510,30,주간,금,1,0,0,충남,공주시,차량단독,전도전복,안전운전 의무 불이행,기타/불명,이륜차,
2016040914,7,주간,토,1,1,0,충남,부여군,차량단독,전도전복,안전운전 의무 불이행,단일로,승용차,
2016050316,10,주간,화,1,0,0,전남,담양군,차대사람,횡단중,안전운전 의무 불이행,단일로,화물차,보행자
2016070305,1,야간,일,1,0,0,서울,성북구,차대사람,횡단중,안전운전 의무 불이행,단일로,승용차,보행자
2016062521,5,야간,토,1,0,0,경북,경산시,차대차,기타,안전운전 의무 불이행,단일로,자전거,승용차
2016071520,44,야간,금,1,0,0,경남,고성군,차대사람,횡단중,안전운전 의무 불이행,단일로,승용차,보행자
2016081015,48,주간,수,1,2,0,경북,상주시,차대차,정면충돌,중앙선 침범,단일로,승용차,화물차
2016082216,40,주간,월,1,0,0,전북,군산시,차대차,정면충돌,중앙선 침범,단일로,이륜차,특수차
2016081905,20,야간,금,1,0,0,대전,중구,차대사람,횡단중,보행자 보호의무 위반,교차로,승용차,보행자
2016110115,45,주간,화,1,0,0,경기,부천시,차대사람,횡단중,기타(운전자법규위반),단일로,승합차,보행자
2016121916,28,주간,월,1,0,0,경기,안양시,차대사람,기타,보행자 보호의무 위반,교차로,특수차,보행자
2016052015,25,주간,금,1,0,3,경기,광주시,차대차,진행중 추돌,안전운전 의무 불이행,단일로,승용차,승용차
2016042808,25,주간,목,1,0,0,서울,은평구,차대차,기타,신호위반,교차로,화물차,자전거
2016061001,15,야간,금,1,0,0,광주,남구,차량단독,전도전복,안전운전 의무 불이행,고가도로위,이륜차,
2016090910,50,주간,금,1,0,0,대전,동구,차대차,측면직각충돌,신호위반,교차로,승합차,자전거
2016090616,10,주간,화,1,0,0,전북,익산시,차대차,측면직각충돌,안전운전 의무 불이행,교차로,원동기장치자전거,승용차
2016102903,30,야간,토,1,0,0,경기,수원시,차대사람,횡단중,안전운전 의무 불이행,단일로,승용차,보행자
2016121817,12,주간,일,1,1,0,전북,정읍시,차량단독,전도전복,안전운전 의무 불이행,단일로,승용차,
2016102113,10,주간,금,1,0,0,경북,김천시,차대차,기타,안전운전 의무 불이행,단일로,승용차,화물차
2016112923,48,야간,화,1,0,0,경기,화성시,차대사람,차도통행중,안전운전 의무 불이행,단일로,승용차,보행자
2016120106,0,주간,목,1,0,0,대구,동구,차대차,진행중 추돌,안전운전 의무 불이행,단일로,화물차,화물차
2016110609,30,주간,일,4,22,17,대전,대덕구,차대차,기타,안전운전 의무 불이행,단일로,승용차,승합차
2016101112,40,주간,화,2,0,1,경북,구미시,차대차,진행중 추돌,안전운전 의무 불이행,단일로,화물차,화물차
2016110910,3,주간,수,3,0,1,경남,하동군,차대차,기타,안전운전 의무 불이행,단일로,승용차,화물차
2016021110,12,주간,목,1,0,0,서울,강동구,차대차,측면직각충돌,신호위반,교차로,특수차,이륜차
2016042804,20,야간,목,1,2,0,강원,강릉시,차대차,측면직각충돌,과속,단일로,화물차,화물차
2016040301,2,야간,일,1,0,0,전북,정읍시,차량단독,전도전복,안전운전 의무 불이행,단일로,승합차,
2016031220,25,야간,토,1,0,1,전남,영암군,차대차,정면충돌,중앙선 침범,단일로,이륜차,승용차
2016041223,35,야간,화,1,0,0,대전,대덕구,차대사람,횡단중,보행자 보호의무 위반,교차로,승용차,보행자
2016061109,50,주간,토,1,0,1,대전,동구,차대차,측면직각충돌,신호위반,교차로,이륜차,건설기계
2016061010,10,주간,금,1,0,0,강원,철원군,차대차,측면직각충돌,교차로 통행방법 위반,교차로,화물차,이륜차
2016061012,30,주간,금,1,0,0,경기,안양시,차대사람,횡단중,안전운전 의무 불이행,기타/불명,승용차,보행자
2016072902,40,야간,금,1,1,1,서울,강남구,차대차,측면직각충돌,신호위반,교차로,이륜차,화물차
2016110423,30,야간,금,1,0,0,경기,남양주시,차대사람,횡단중,신호위반,단일로,승용차,보행자
2016092209,40,주간,목,1,0,0,경기,수원시,차대사람,기타,안전운전 의무 불이행,단일로,승용차,보행자
2016090307,30,주간,토,1,0,0,세종,세종,차대차,기타,안전운전 의무 불이행,단일로,화물차,자전거
2016032415,45,주간,목,1,0,1,충남,홍성군,차대차,정면충돌,중앙선 침범,단일로,이륜차,승용차
2016062610,45,주간,일,1,0,0,제주,서귀포시,차대차,기타,기타(운전자법규위반),단일로,화물차,건설기계
2016071221,30,야간,화,1,0,0,충남,당진시,차대사람,기타,안전운전 의무 불이행,단일로,승용차,보행자
2016091914,10,주간,월,1,0,1,충북,괴산군,차량단독,공작물충돌,안전운전 의무 불이행,단일로,승용차,
2016080119,49,야간,월,1,0,0,전북,익산시,차량단독,전도전복,안전운전 의무 불이행,단일로,이륜차,
2016080808,55,주간,월,1,0,0,경남,창원시(통합),차대차,측면직각충돌,신호위반,교차로,자전거,승용차
2016100113,30,주간,토,1,0,0,경북,청송군,차량단독,전도전복,안전운전 의무 불이행,단일로,화물차,
2016112100,5,야간,월,1,1,0,대구,달서구,차대차,측면직각충돌,차로위반(진로변경 위반),단일로,원동기장치자전거,승용차
2016040109,55,주간,금,1,0,0,경남,양산시,차대차,기타,안전운전 의무 불이행,단일로,화물차,자전거
2016031906,15,주간,토,1,0,0,경북,구미시,차대차,진행중 추돌,안전거리 미확보,단일로,화물차,화물차
2016040503,5,야간,화,1,0,1,경북,문경시,차대차,진행중 추돌,안전운전 의무 불이행,단일로,화물차,화물차
2016102418,59,야간,월,1,0,0,경기,용인시,차대차,진행중 추돌,안전운전 의무 불이행,단일로,화물차,화물차
2016081323,50,야간,토,1,2,1,경기,여주시,차대차,진행중 추돌,안전운전 의무 불이행,단일로,승용차,승용차
2016083122,0,야간,수,1,1,2,대구,동구,차대차,진행중 추돌,안전운전 의무 불이행,단일로,특수차,화물차
2016010505,0,야간,화,1,1,0,경기,고양시,차대차,측면직각충돌,신호위반,교차로,승용차,화물차
2016010206,30,주간,토,1,0,0,경남,사천시,차대사람,횡단중,안전운전 의무 불이행,단일로,승용차,보행자
2016010104,40,야간,금,1,0,0,경기,수원시,차대차,진행중 추돌,안전운전 의무 불이행,단일로,승용차,화물차
2016010917,50,주간,토,1,0,0,강원,강릉시,차대사람,횡단중,안전운전 의무 불이행,단일로,승용차,보행자
2016010618,0,야간,수,1,0,0,전남,함평군,차대차,측면직각충돌,안전운전 의무 불이행,단일로,승용차,화물차
2016121216,5,주간,월,1,0,0,충남,논산시,차량단독,전도전복,안전운전 의무 불이행,교차로,원동기장치자전거,
2016121200,13,야간,월,1,0,0,경북,포항시,차대차,진행중 추돌,안전운전 의무 불이행,교차로,승용차,화물차
2016121022,40,야간,토,1,0,0,경기,광주시,차대사람,횡단중,안전운전 의무 불이행,교차로,승용차,보행자
2016121001,9,야간,토,1,0,0,대구,수성구,차대사람,횡단중,안전운전 의무 불이행,교차로,승용차,보행자
2016121018,25,야간,토,1,0,0,충남,아산시,차대차,진행중 추돌,안전운전 의무 불이행,단일로,화물차,자전거
2016121009,58,주간,토,1,0,0,경남,통영시,차량단독,전도전복,안전운전 의무 불이행,교차로,건설기계,
2016120701,15,야간,수,1,0,0,경기,용인시,차량단독,공작물충돌,안전운전 의무 불이행,교차로,승용차,
2016121613,12,주간,금,1,0,0,충남,아산시,차대사람,기타,안전운전 의무 불이행,단일로,화물차,보행자
2016121619,30,야간,금,1,0,2,경기,가평군,차대사람,횡단중,안전운전 의무 불이행,단일로,승용차,보행자
2016121401,50,야간,수,1,1,1,서울,강남구,차대차,측면직각충돌,신호위반,교차로,이륜차,승용차
2016121821,54,야간,일,1,1,7,인천,남동구,차대차,측면직각충돌,안전운전 의무 불이행,단일로,화물차,승합차
2016111105,40,야간,금,1,0,0,부산,북구,차대사람,횡단중,안전운전 의무 불이행,단일로,원동기장치자전거,보행자
2016110904,5,야간,수,1,1,1,부산,사상구,차대차,측면직각충돌,신호위반,교차로,승용차,승용차
2016111006,25,주간,목,1,0,0,경남,양산시,차대사람,횡단중,신호위반,단일로,화물차,보행자
2016111004,50,야간,목,1,0,0,경기,수원시,차대사람,횡단중,안전운전 의무 불이행,교차로,승용차,보행자
2016110717,10,주간,월,1,0,0,경남,진주시,차대차,측면직각충돌,안전운전 의무 불이행,단일로,승용차,승합차
2016111120,55,야간,금,1,2,2,부산,수영구,차대차,측면직각충돌,신호위반,교차로,승용차,승용차
2016111219,35,야간,토,1,0,0,전남,나주시,차대사람,차도통행중,안전운전 의무 불이행,단일로,승용차,보행자
2016110910,39,주간,수,1,0,0,경북,포항시,차대사람,횡단중,중앙선 침범,단일로,승용차,보행자
2016110618,20,야간,일,1,0,0,전북,고창군,차량단독,공작물충돌,안전운전 의무 불이행,단일로,승용차,
2016110919,12,야간,수,1,0,0,충북,청주시,차대사람,횡단중,안전운전 의무 불이행,교차로,화물차,보행자
2016111819,10,야간,금,1,0,0,경북,경주시,차대차,기타,안전운전 의무 불이행,단일로,화물차,자전거
2016111606,30,주간,수,1,0,0,경남,김해시,차대사람,횡단중,안전운전 의무 불이행,단일로,승용차,보행자
2016111619,30,야간,수,1,0,0,충남,아산시,차대차,측면직각충돌,안전운전 의무 불이행,단일로,승용차,이륜차
2016111719,20,야간,목,1,0,1,인천,서구,차대차,기타,안전운전 의무 불이행,교차로,이륜차,승용차
2016111718,40,야간,목,1,0,0,경북,영천시,차대사람,횡단중,안전운전 의무 불이행,교차로,승용차,보행자
2016111318,15,야간,일,1,0,0,충남,논산시,차대사람,횡단중,안전운전 의무 불이행,교차로,승용차,보행자
2016111623,15,야간,수,1,0,0,전북,군산시,차대사람,횡단중,과속,단일로,승용차,보행자
2016111706,16,주간,목,1,0,0,경기,의정부시,차대사람,횡단중,신호위반,교차로,승용차,보행자
2016111507,30,주간,화,1,4,6,경북,영주시,차대차,진행중 추돌,안전운전 의무 불이행,단일로,승용차,승용차
2016112423,30,야간,목,1,0,0,전남,광양시,차량단독,전도전복,안전운전 의무 불이행,단일로,화물차,
2016112619,0,야간,토,1,0,0,경북,문경시,차량단독,전도전복,안전운전 의무 불이행,단일로,화물차,
2016112116,40,주간,월,1,0,0,충남,서천군,차량단독,전도전복,안전운전 의무 불이행,단일로,농기계,
2016112618,25,야간,토,1,0,0,충북,제천시,차대사람,횡단중,보행자 보호의무 위반,교차로,승용차,보행자
2016110110,34,주간,화,1,0,0,경남,창원시(통합),차대사람,횡단중,안전운전 의무 불이행,단일로,승용차,보행자
2016102815,20,주간,금,1,0,0,경남,창녕군,차대차,측면직각충돌,안전운전 의무 불이행,교차로,이륜차,승합차
2016110305,45,야간,목,1,0,0,제주,서귀포시,차대사람,횡단중,안전운전 의무 불이행,교차로,승용차,보행자
2016102920,0,야간,토,1,0,0,부산,강서구,차대사람,기타,안전운전 의무 불이행,교차로,승용차,보행자
2016110416,25,주간,금,1,0,0,경북,예천군,차대차,측면직각충돌,안전운전 의무 불이행,교차로,화물차,이륜차
2016110111,35,주간,화,1,0,0,대구,북구,차대사람,횡단중,보행자 보호의무 위반,단일로,승용차,보행자
2016121020,10,야간,토,1,0,0,대구,중구,차대사람,기타,안전운전 의무 불이행,단일로,승합차,보행자
2016112223,0,야간,화,1,0,0,경기,고양시,차대사람,횡단중,보행자 보호의무 위반,단일로,승용차,보행자
2016112309,21,주간,수,1,0,0,경기,군포시,차대사람,횡단중,보행자 보호의무 위반,단일로,화물차,보행자
2016112218,0,야간,화,1,0,0,부산,기장군,차대사람,기타,안전운전 의무 불이행,단일로,승용차,보행자
2016103021,48,야간,일,1,0,0,경기,안양시,차량단독,도로이탈 기타,안전운전 의무 불이행,단일로,이륜차,